,Date,Visitor/Neutral,PTS,Home/Neutral,PTS.1, , .1,Attend.,Notes
0,"Fri, Nov 6, 1987",Washington Bullets,97.0,Atlanta Hawks,114.0,Box Score,,16064.0,
1,"Fri, Nov 6, 1987",Milwaukee Bucks,108.0,Boston Celtics,125.0,Box Score,,14890.0,
2,"Fri, Nov 6, 1987",Utah Jazz,93.0,Dallas Mavericks,95.0,Box Score,,17007.0,
3,"Fri, Nov 6, 1987",Los Angeles Clippers,93.0,Denver Nuggets,139.0,Box Score,,11534.0,
4,"Fri, Nov 6, 1987",New York Knicks,99.0,Detroit Pistons,110.0,Box Score,,28676.0,
5,"Fri, Nov 6, 1987",San Antonio Spurs,102.0,Houston Rockets,108.0,Box Score,,16611.0,
6,"Fri, Nov 6, 1987",Seattle SuperSonics,109.0,Los Angeles Lakers,113.0,Box Score,,17505.0,
7,"Fri, Nov 6, 1987",Cleveland Cavaliers,114.0,New Jersey Nets,108.0,Box Score,,13014.0,
8,"Fri, Nov 6, 1987",Indiana Pacers,95.0,Philadelphia 76ers,108.0,Box Score,,12287.0,
9,"Fri, Nov 6, 1987",Phoenix Suns,104.0,Portland Trail Blazers,118.0,Box Score,,12666.0,
10,"Fri, Nov 6, 1987",Golden State Warriors,106.0,Sacramento Kings,134.0,Box Score,,10333.0,
11,"Sat, Nov 7, 1987",Cleveland Cavaliers,105.0,Atlanta Hawks,113.0,Box Score,,11455.0,
12,"Sat, Nov 7, 1987",Philadelphia 76ers,94.0,Chicago Bulls,104.0,Box Score,,18688.0,
13,"Sat, Nov 7, 1987",Denver Nuggets,103.0,Golden State Warriors,99.0,Box Score,,13223.0,
14,"Sat, Nov 7, 1987",New York Knicks,95.0,Indiana Pacers,108.0,Box Score,,14801.0,
15,"Sat, Nov 7, 1987",Portland Trail Blazers,124.0,Los Angeles Clippers,99.0,Box Score,,10045.0,
16,"Sat, Nov 7, 1987",Detroit Pistons,105.0,Milwaukee Bucks,119.0,Box Score,,11052.0,
17,"Sat, Nov 7, 1987",Dallas Mavericks,106.0,San Antonio Spurs,130.0,Box Score,,14172.0,
18,"Sat, Nov 7, 1987",Phoenix Suns,96.0,Seattle SuperSonics,112.0,Box Score,,14252.0,
19,"Sat, Nov 7, 1987",Sacramento Kings,100.0,Utah Jazz,121.0,Box Score,,12212.0,
20,"Sat, Nov 7, 1987",Boston Celtics,140.0,Washington Bullets,139.0,Box Score,2OT,18643.0,
21,"Sun, Nov 8, 1987",Houston Rockets,92.0,Los Angeles Lakers,101.0,Box Score,,17505.0,
22,"Mon, Nov 9, 1987",Boston Celtics,96.0,New York Knicks,87.0,Box Score,,19591.0,
23,"Tue, Nov 10, 1987",Chicago Bulls,105.0,Atlanta Hawks,95.0,Box Score,,16451.0,
24,"Tue, Nov 10, 1987",Detroit Pistons,118.0,Indiana Pacers,121.0,Box Score,,11885.0,
25,"Tue, Nov 10, 1987",Utah Jazz,88.0,Los Angeles Clippers,100.0,Box Score,,6104.0,
26,"Tue, Nov 10, 1987",Washington Bullets,100.0,Milwaukee Bucks,115.0,Box Score,,10586.0,
27,"Tue, Nov 10, 1987",Golden State Warriors,109.0,Phoenix Suns,123.0,Box Score,,9470.0,
28,"Tue, Nov 10, 1987",Houston Rockets,118.0,Portland Trail Blazers,111.0,Box Score,,12666.0,
29,"Tue, Nov 10, 1987",Denver Nuggets,123.0,Sacramento Kings,134.0,Box Score,,10333.0,
30,"Tue, Nov 10, 1987",Los Angeles Lakers,133.0,San Antonio Spurs,124.0,Box Score,,13751.0,
31,"Tue, Nov 10, 1987",Dallas Mavericks,117.0,Seattle SuperSonics,101.0,Box Score,,10447.0,
32,"Wed, Nov 11, 1987",Indiana Pacers,106.0,Boston Celtics,120.0,Box Score,,14890.0,
33,"Wed, Nov 11, 1987",Milwaukee Bucks,109.0,Cleveland Cavaliers,101.0,Box Score,,12145.0,
34,"Wed, Nov 11, 1987",Phoenix Suns,115.0,Golden State Warriors,130.0,Box Score,,8560.0,
35,"Wed, Nov 11, 1987",Chicago Bulls,105.0,New Jersey Nets,96.0,Box Score,,11552.0,
36,"Wed, Nov 11, 1987",Atlanta Hawks,94.0,New York Knicks,93.0,Box Score,,12781.0,
37,"Wed, Nov 11, 1987",Dallas Mavericks,92.0,Utah Jazz,121.0,Box Score,,12212.0,
38,"Thu, Nov 12, 1987",Portland Trail Blazers,113.0,Denver Nuggets,126.0,Box Score,,8271.0,
39,"Thu, Nov 12, 1987",Los Angeles Clippers,82.0,Los Angeles Lakers,111.0,Box Score,,15569.0,
40,"Thu, Nov 12, 1987",Houston Rockets,116.0,Sacramento Kings,114.0,Box Score,,10333.0,
41,"Thu, Nov 12, 1987",Seattle SuperSonics,118.0,San Antonio Spurs,123.0,Box Score,,6399.0,
42,"Fri, Nov 13, 1987",Cleveland Cavaliers,114.0,Boston Celtics,128.0,Box Score,,14890.0,
43,"Fri, Nov 13, 1987",New Jersey Nets,85.0,Chicago Bulls,103.0,Box Score,,17607.0,
44,"Fri, Nov 13, 1987",Seattle SuperSonics,103.0,Dallas Mavericks,95.0,Box Score,,17007.0,
45,"Fri, Nov 13, 1987",Golden State Warriors,94.0,Los Angeles Clippers,97.0,Box Score,,5760.0,
46,"Fri, Nov 13, 1987",Detroit Pistons,113.0,Philadelphia 76ers,94.0,Box Score,,12302.0,
47,"Fri, Nov 13, 1987",Phoenix Suns,92.0,Utah Jazz,109.0,Box Score,,12212.0,
48,"Fri, Nov 13, 1987",New York Knicks,101.0,Washington Bullets,108.0,Box Score,,9731.0,
49,"Sat, Nov 14, 1987",Philadelphia 76ers,83.0,Atlanta Hawks,104.0,Box Score,,15386.0,
50,"Sat, Nov 14, 1987",Indiana Pacers,111.0,Chicago Bulls,110.0,Box Score,,18676.0,
51,"Sat, Nov 14, 1987",Detroit Pistons,128.0,Cleveland Cavaliers,113.0,Box Score,,10157.0,
52,"Sat, Nov 14, 1987",Portland Trail Blazers,116.0,Dallas Mavericks,127.0,Box Score,,17007.0,
53,"Sat, Nov 14, 1987",Sacramento Kings,109.0,Denver Nuggets,130.0,Box Score,,11007.0,
54,"Sat, Nov 14, 1987",Los Angeles Lakers,118.0,Golden State Warriors,110.0,Box Score,,15025.0,
55,"Sat, Nov 14, 1987",Utah Jazz,93.0,Houston Rockets,101.0,Box Score,,16611.0,
56,"Sat, Nov 14, 1987",Milwaukee Bucks,89.0,New York Knicks,93.0,Box Score,,12965.0,
57,"Sat, Nov 14, 1987",San Antonio Spurs,113.0,Phoenix Suns,124.0,Box Score,,9686.0,
58,"Sun, Nov 15, 1987",Seattle SuperSonics,106.0,Houston Rockets,108.0,Box Score,,16611.0,
59,"Sun, Nov 15, 1987",Boston Celtics,103.0,Indiana Pacers,98.0,Box Score,,16912.0,
60,"Sun, Nov 15, 1987",San Antonio Spurs,130.0,Los Angeles Lakers,147.0,Box Score,,17505.0,
61,"Sun, Nov 15, 1987",Atlanta Hawks,103.0,Milwaukee Bucks,112.0,Box Score,,11052.0,
62,"Sun, Nov 15, 1987",Washington Bullets,113.0,New Jersey Nets,109.0,Box Score,,8336.0,
63,"Tue, Nov 17, 1987",Washington Bullets,101.0,Chicago Bulls,105.0,Box Score,,17081.0,
64,"Tue, Nov 17, 1987",Boston Celtics,88.0,Cleveland Cavaliers,109.0,Box Score,,14621.0,
65,"Tue, Nov 17, 1987",Portland Trail Blazers,115.0,Los Angeles Lakers,142.0,Box Score,,16347.0,
66,"Tue, Nov 17, 1987",Golden State Warriors,108.0,Milwaukee Bucks,120.0,Box Score,,10716.0,
67,"Tue, Nov 17, 1987",Houston Rockets,111.0,New Jersey Nets,114.0,Box Score,,8596.0,
68,"Tue, Nov 17, 1987",Indiana Pacers,126.0,Sacramento Kings,111.0,Box Score,,10333.0,
69,"Tue, Nov 17, 1987",Los Angeles Clippers,121.0,San Antonio Spurs,122.0,Box Score,OT,8892.0,
70,"Tue, Nov 17, 1987",Denver Nuggets,110.0,Utah Jazz,120.0,Box Score,,11461.0,
71,"Wed, Nov 18, 1987",Golden State Warriors,92.0,Atlanta Hawks,95.0,Box Score,,10129.0,
72,"Wed, Nov 18, 1987",New York Knicks,109.0,Boston Celtics,111.0,Box Score,2OT,14890.0,
73,"Wed, Nov 18, 1987",Los Angeles Clippers,87.0,Dallas Mavericks,97.0,Box Score,,16785.0,
74,"Wed, Nov 18, 1987",Indiana Pacers,117.0,Denver Nuggets,106.0,Box Score,,11120.0,
75,"Wed, Nov 18, 1987",Philadelphia 76ers,113.0,Detroit Pistons,109.0,Box Score,,17445.0,
76,"Wed, Nov 18, 1987",Utah Jazz,80.0,Phoenix Suns,90.0,Box Score,,8908.0,
77,"Wed, Nov 18, 1987",Portland Trail Blazers,114.0,Seattle SuperSonics,120.0,Box Score,,8461.0,
78,"Wed, Nov 18, 1987",Chicago Bulls,84.0,Washington Bullets,82.0,Box Score,,13721.0,
79,"Thu, Nov 19, 1987",Houston Rockets,105.0,Cleveland Cavaliers,97.0,Box Score,,10519.0,
80,"Thu, Nov 19, 1987",New York Knicks,107.0,New Jersey Nets,108.0,Box Score,,11285.0,
81,"Thu, Nov 19, 1987",Milwaukee Bucks,117.0,Sacramento Kings,113.0,Box Score,OT,10333.0,
82,"Fri, Nov 20, 1987",Atlanta Hawks,92.0,Chicago Bulls,94.0,Box Score,,18423.0,
83,"Fri, Nov 20, 1987",San Antonio Spurs,142.0,Denver Nuggets,156.0,Box Score,,8831.0,
84,"Fri, Nov 20, 1987",Golden State Warriors,108.0,Detroit Pistons,131.0,Box Score,,20362.0,
85,"Fri, Nov 20, 1987",Dallas Mavericks,116.0,Los Angeles Lakers,119.0,Box Score,,17505.0,
86,"Fri, Nov 20, 1987",Boston Celtics,85.0,Philadelphia 76ers,116.0,Box Score,,18168.0,
87,"Fri, Nov 20, 1987",Los Angeles Clippers,112.0,Phoenix Suns,96.0,Box Score,,9464.0,
88,"Fri, Nov 20, 1987",Washington Bullets,101.0,Portland Trail Blazers,120.0,Box Score,,12666.0,
89,"Fri, Nov 20, 1987",Milwaukee Bucks,97.0,Seattle SuperSonics,99.0,Box Score,,14601.0,
90,"Fri, Nov 20, 1987",Indiana Pacers,81.0,Utah Jazz,112.0,Box Score,,12212.0,
91,"Sat, Nov 21, 1987",Houston Rockets,94.0,Atlanta Hawks,104.0,Box Score,,16451.0,
92,"Sat, Nov 21, 1987",Detroit Pistons,144.0,Chicago Bulls,132.0,Box Score,OT,18466.0,
93,"Sat, Nov 21, 1987",Philadelphia 76ers,88.0,Cleveland Cavaliers,101.0,Box Score,,11469.0,
94,"Sat, Nov 21, 1987",Denver Nuggets,97.0,Los Angeles Clippers,91.0,Box Score,,6131.0,
95,"Sat, Nov 21, 1987",Boston Celtics,107.0,New Jersey Nets,97.0,Box Score,,18103.0,
96,"Sat, Nov 21, 1987",Golden State Warriors,91.0,New York Knicks,99.0,Box Score,,12590.0,
97,"Sat, Nov 21, 1987",Dallas Mavericks,103.0,Sacramento Kings,96.0,Box Score,,10333.0,
98,"Sat, Nov 21, 1987",Utah Jazz,119.0,San Antonio Spurs,120.0,Box Score,,7459.0,
99,"Sat, Nov 21, 1987",Washington Bullets,103.0,Seattle SuperSonics,124.0,Box Score,,13437.0,
100,"Sun, Nov 22, 1987",Milwaukee Bucks,124.0,Los Angeles Lakers,116.0,Box Score,OT,17505.0,
101,"Sun, Nov 22, 1987",Indiana Pacers,110.0,Portland Trail Blazers,120.0,Box Score,,12666.0,
102,"Mon, Nov 23, 1987",Chicago Bulls,107.0,Boston Celtics,102.0,Box Score,,15134.0,"at Hartford, CT"
103,"Mon, Nov 23, 1987",San Antonio Spurs,117.0,New York Knicks,112.0,Box Score,,10124.0,
104,"Tue, Nov 24, 1987",New Jersey Nets,104.0,Denver Nuggets,132.0,Box Score,,9547.0,
105,"Tue, Nov 24, 1987",Los Angeles Clippers,123.0,Golden State Warriors,120.0,Box Score,2OT,8361.0,
106,"Tue, Nov 24, 1987",Detroit Pistons,97.0,Houston Rockets,83.0,Box Score,,16611.0,
107,"Tue, Nov 24, 1987",Cleveland Cavaliers,104.0,Philadelphia 76ers,108.0,Box Score,,12217.0,
108,"Tue, Nov 24, 1987",Sacramento Kings,94.0,Portland Trail Blazers,98.0,Box Score,,12666.0,
109,"Tue, Nov 24, 1987",Los Angeles Lakers,85.0,Seattle SuperSonics,103.0,Box Score,,14634.0,
110,"Tue, Nov 24, 1987",Washington Bullets,83.0,Utah Jazz,100.0,Box Score,,12212.0,
111,"Wed, Nov 25, 1987",Atlanta Hawks,102.0,Boston Celtics,117.0,Box Score,,14890.0,
112,"Wed, Nov 25, 1987",New York Knicks,104.0,Cleveland Cavaliers,101.0,Box Score,,8094.0,
113,"Wed, Nov 25, 1987",Detroit Pistons,107.0,Dallas Mavericks,113.0,Box Score,,17007.0,
114,"Wed, Nov 25, 1987",San Antonio Spurs,102.0,Indiana Pacers,133.0,Box Score,,10655.0,
115,"Wed, Nov 25, 1987",Washington Bullets,101.0,Los Angeles Clippers,96.0,Box Score,,6852.0,
116,"Wed, Nov 25, 1987",Chicago Bulls,103.0,Milwaukee Bucks,101.0,Box Score,,11052.0,
117,"Wed, Nov 25, 1987",Houston Rockets,109.0,Phoenix Suns,103.0,Box Score,,11112.0,
118,"Thu, Nov 26, 1987",New Jersey Nets,102.0,Sacramento Kings,110.0,Box Score,,10333.0,
119,"Fri, Nov 27, 1987",Seattle SuperSonics,112.0,Boston Celtics,117.0,Box Score,,14890.0,
120,"Fri, Nov 27, 1987",Chicago Bulls,93.0,Dallas Mavericks,94.0,Box Score,,17007.0,
121,"Fri, Nov 27, 1987",San Antonio Spurs,111.0,Detroit Pistons,143.0,Box Score,,30743.0,
122,"Fri, Nov 27, 1987",Philadelphia 76ers,103.0,Golden State Warriors,109.0,Box Score,,14617.0,
123,"Fri, Nov 27, 1987",Atlanta Hawks,86.0,Indiana Pacers,88.0,Box Score,,16912.0,
124,"Fri, Nov 27, 1987",Denver Nuggets,119.0,Los Angeles Lakers,127.0,Box Score,,17505.0,
125,"Fri, Nov 27, 1987",New Jersey Nets,107.0,Phoenix Suns,113.0,Box Score,,9749.0,
126,"Fri, Nov 27, 1987",Los Angeles Clippers,87.0,Portland Trail Blazers,97.0,Box Score,,12666.0,
127,"Fri, Nov 27, 1987",Houston Rockets,96.0,Utah Jazz,118.0,Box Score,,12212.0,
128,"Sat, Nov 28, 1987",San Antonio Spurs,100.0,Atlanta Hawks,124.0,Box Score,,12215.0,
129,"Sat, Nov 28, 1987",Dallas Mavericks,98.0,Denver Nuggets,106.0,Box Score,,13400.0,
130,"Sat, Nov 28, 1987",Chicago Bulls,98.0,Houston Rockets,86.0,Box Score,,16611.0,
131,"Sat, Nov 28, 1987",Seattle SuperSonics,115.0,Indiana Pacers,131.0,Box Score,,11538.0,
132,"Sat, Nov 28, 1987",Boston Celtics,97.0,Milwaukee Bucks,112.0,Box Score,,11052.0,
133,"Sat, Nov 28, 1987",Cleveland Cavaliers,93.0,New York Knicks,105.0,Box Score,,15646.0,
134,"Sat, Nov 28, 1987",Philadelphia 76ers,114.0,Sacramento Kings,115.0,Box Score,OT,10333.0,
135,"Sat, Nov 28, 1987",Detroit Pistons,102.0,Washington Bullets,124.0,Box Score,,13028.0,
136,"Sun, Nov 29, 1987",New Jersey Nets,104.0,Portland Trail Blazers,125.0,Box Score,,12666.0,
137,"Mon, Nov 30, 1987",Indiana Pacers,94.0,Milwaukee Bucks,104.0,Box Score,,10779.0,
138,"Mon, Nov 30, 1987",Philadelphia 76ers,106.0,Utah Jazz,100.0,Box Score,,12212.0,
0,"Tue, Dec 1, 1987",Boston Celtics,106.0,Atlanta Hawks,120.0,Box Score,,16451.0,
1,"Tue, Dec 1, 1987",Chicago Bulls,98.0,Golden State Warriors,97.0,Box Score,,15025.0,
2,"Tue, Dec 1, 1987",Denver Nuggets,101.0,Houston Rockets,106.0,Box Score,,16611.0,
3,"Tue, Dec 1, 1987",Detroit Pistons,124.0,New Jersey Nets,115.0,Box Score,OT,8232.0,
4,"Tue, Dec 1, 1987",Seattle SuperSonics,112.0,New York Knicks,109.0,Box Score,,11424.0,
5,"Tue, Dec 1, 1987",Phoenix Suns,100.0,Portland Trail Blazers,102.0,Box Score,,12666.0,
6,"Tue, Dec 1, 1987",Los Angeles Lakers,125.0,Sacramento Kings,120.0,Box Score,OT,10333.0,
7,"Wed, Dec 2, 1987",New Jersey Nets,99.0,Boston Celtics,130.0,Box Score,,14890.0,
8,"Wed, Dec 2, 1987",Seattle SuperSonics,102.0,Cleveland Cavaliers,104.0,Box Score,,6207.0,
9,"Wed, Dec 2, 1987",Sacramento Kings,120.0,Denver Nuggets,147.0,Box Score,,7779.0,
10,"Wed, Dec 2, 1987",Milwaukee Bucks,105.0,Detroit Pistons,115.0,Box Score,,18780.0,
11,"Wed, Dec 2, 1987",Washington Bullets,102.0,Indiana Pacers,108.0,Box Score,,8220.0,
12,"Wed, Dec 2, 1987",Philadelphia 76ers,85.0,Los Angeles Clippers,88.0,Box Score,,8232.0,
13,"Wed, Dec 2, 1987",Portland Trail Blazers,117.0,Los Angeles Lakers,104.0,Box Score,,17505.0,
14,"Wed, Dec 2, 1987",Houston Rockets,93.0,San Antonio Spurs,97.0,Box Score,,8025.0,
15,"Wed, Dec 2, 1987",Chicago Bulls,105.0,Utah Jazz,101.0,Box Score,,12212.0,
16,"Thu, Dec 3, 1987",New York Knicks,114.0,Phoenix Suns,120.0,Box Score,,9678.0,
17,"Thu, Dec 3, 1987",Atlanta Hawks,102.0,Washington Bullets,94.0,Box Score,,6464.0,
18,"Fri, Dec 4, 1987",New Jersey Nets,102.0,Atlanta Hawks,139.0,Box Score,,9868.0,
19,"Fri, Dec 4, 1987",Golden State Warriors,95.0,Dallas Mavericks,116.0,Box Score,,17007.0,
20,"Fri, Dec 4, 1987",Chicago Bulls,89.0,Denver Nuggets,105.0,Box Score,,17022.0,
21,"Fri, Dec 4, 1987",Boston Celtics,105.0,Detroit Pistons,128.0,Box Score,,34523.0,
22,"Fri, Dec 4, 1987",Cleveland Cavaliers,108.0,Indiana Pacers,90.0,Box Score,,11151.0,
23,"Fri, Dec 4, 1987",Sacramento Kings,84.0,Los Angeles Clippers,98.0,Box Score,,3205.0,
24,"Fri, Dec 4, 1987",Los Angeles Lakers,83.0,Milwaukee Bucks,85.0,Box Score,,11052.0,
25,"Fri, Dec 4, 1987",Seattle SuperSonics,105.0,Philadelphia 76ers,118.0,Box Score,,13115.0,
26,"Fri, Dec 4, 1987",New York Knicks,92.0,Utah Jazz,104.0,Box Score,,12212.0,
27,"Sat, Dec 5, 1987",Los Angeles Lakers,95.0,Cleveland Cavaliers,97.0,Box Score,,20015.0,
28,"Sat, Dec 5, 1987",Denver Nuggets,96.0,Dallas Mavericks,109.0,Box Score,,17007.0,
29,"Sat, Dec 5, 1987",Golden State Warriors,96.0,Houston Rockets,121.0,Box Score,,16611.0,
30,"Sat, Dec 5, 1987",Portland Trail Blazers,133.0,Phoenix Suns,115.0,Box Score,,11411.0,
31,"Sat, Dec 5, 1987",Utah Jazz,126.0,Sacramento Kings,117.0,Box Score,,10333.0,
32,"Sat, Dec 5, 1987",Chicago Bulls,101.0,San Antonio Spurs,110.0,Box Score,,15786.0,
33,"Sat, Dec 5, 1987",Seattle SuperSonics,115.0,Washington Bullets,99.0,Box Score,,11604.0,
34,"Sun, Dec 6, 1987",Phoenix Suns,97.0,Los Angeles Clippers,96.0,Box Score,,5467.0,
35,"Sun, Dec 6, 1987",New York Knicks,99.0,Portland Trail Blazers,117.0,Box Score,,12666.0,
36,"Tue, Dec 8, 1987",Philadelphia 76ers,109.0,Chicago Bulls,96.0,Box Score,,17715.0,
37,"Tue, Dec 8, 1987",Portland Trail Blazers,117.0,Detroit Pistons,127.0,Box Score,,17267.0,
38,"Tue, Dec 8, 1987",Sacramento Kings,97.0,Houston Rockets,106.0,Box Score,,16611.0,
39,"Tue, Dec 8, 1987",Milwaukee Bucks,101.0,Indiana Pacers,103.0,Box Score,,8535.0,
40,"Tue, Dec 8, 1987",Atlanta Hawks,90.0,Los Angeles Clippers,79.0,Box Score,,9245.0,
41,"Tue, Dec 8, 1987",Los Angeles Lakers,98.0,New Jersey Nets,81.0,Box Score,,18008.0,
42,"Tue, Dec 8, 1987",Washington Bullets,92.0,New York Knicks,116.0,Box Score,,12931.0,
43,"Tue, Dec 8, 1987",Utah Jazz,100.0,San Antonio Spurs,105.0,Box Score,,5263.0,
44,"Tue, Dec 8, 1987",Cleveland Cavaliers,96.0,Seattle SuperSonics,107.0,Box Score,,8520.0,
45,"Wed, Dec 9, 1987",Denver Nuggets,124.0,Boston Celtics,119.0,Box Score,,14890.0,
46,"Wed, Dec 9, 1987",Sacramento Kings,98.0,Dallas Mavericks,125.0,Box Score,,16393.0,
47,"Wed, Dec 9, 1987",Cleveland Cavaliers,112.0,Golden State Warriors,113.0,Box Score,,10257.0,
48,"Wed, Dec 9, 1987",Portland Trail Blazers,86.0,Philadelphia 76ers,94.0,Box Score,,12764.0,
49,"Wed, Dec 9, 1987",Atlanta Hawks,105.0,Phoenix Suns,117.0,Box Score,,10795.0,
50,"Wed, Dec 9, 1987",Los Angeles Lakers,112.0,Washington Bullets,120.0,Box Score,OT,18643.0,
51,"Thu, Dec 10, 1987",Milwaukee Bucks,105.0,Chicago Bulls,111.0,Box Score,,17820.0,
52,"Thu, Dec 10, 1987",Utah Jazz,93.0,Houston Rockets,98.0,Box Score,,16611.0,
53,"Thu, Dec 10, 1987",Seattle SuperSonics,96.0,Los Angeles Clippers,113.0,Box Score,,5852.0,
54,"Thu, Dec 10, 1987",Indiana Pacers,108.0,New Jersey Nets,91.0,Box Score,,7846.0,
55,"Thu, Dec 10, 1987",Denver Nuggets,97.0,New York Knicks,113.0,Box Score,,9499.0,
56,"Fri, Dec 11, 1987",Los Angeles Lakers,115.0,Boston Celtics,114.0,Box Score,,14890.0,
57,"Fri, Dec 11, 1987",Phoenix Suns,104.0,Dallas Mavericks,108.0,Box Score,OT,17007.0,
58,"Fri, Dec 11, 1987",Washington Bullets,108.0,Detroit Pistons,114.0,Box Score,,17884.0,
59,"Fri, Dec 11, 1987",Atlanta Hawks,109.0,Golden State Warriors,93.0,Box Score,,13972.0,
60,"Fri, Dec 11, 1987",Portland Trail Blazers,112.0,Milwaukee Bucks,125.0,Box Score,,11052.0,
61,"Fri, Dec 11, 1987",Cleveland Cavaliers,115.0,Sacramento Kings,113.0,Box Score,,10333.0,
62,"Sat, Dec 12, 1987",Houston Rockets,103.0,Chicago Bulls,112.0,Box Score,,18096.0,
63,"Sat, Dec 12, 1987",New York Knicks,96.0,Detroit Pistons,124.0,Box Score,,21368.0,
64,"Sat, Dec 12, 1987",Portland Trail Blazers,108.0,Indiana Pacers,101.0,Box Score,,11485.0,
65,"Sat, Dec 12, 1987",Washington Bullets,122.0,New Jersey Nets,107.0,Box Score,,11746.0,
66,"Sat, Dec 12, 1987",Denver Nuggets,131.0,Philadelphia 76ers,121.0,Box Score,,9857.0,
67,"Sat, Dec 12, 1987",Phoenix Suns,110.0,San Antonio Spurs,129.0,Box Score,,7262.0,
68,"Sat, Dec 12, 1987",Los Angeles Clippers,95.0,Seattle SuperSonics,116.0,Box Score,,10623.0,
69,"Sat, Dec 12, 1987",Golden State Warriors,93.0,Utah Jazz,127.0,Box Score,,12212.0,
70,"Sun, Dec 13, 1987",Cleveland Cavaliers,89.0,Los Angeles Lakers,90.0,Box Score,,17505.0,
71,"Sun, Dec 13, 1987",Dallas Mavericks,113.0,Milwaukee Bucks,99.0,Box Score,,11052.0,
72,"Sun, Dec 13, 1987",Atlanta Hawks,106.0,Sacramento Kings,100.0,Box Score,,10333.0,
73,"Mon, Dec 14, 1987",Seattle SuperSonics,95.0,Utah Jazz,116.0,Box Score,,12212.0,
74,"Tue, Dec 15, 1987",Indiana Pacers,91.0,Atlanta Hawks,93.0,Box Score,,13118.0,
75,"Tue, Dec 15, 1987",Dallas Mavericks,93.0,Cleveland Cavaliers,106.0,Box Score,,6852.0,
76,"Tue, Dec 15, 1987",Chicago Bulls,123.0,Detroit Pistons,127.0,Box Score,OT,23729.0,
77,"Tue, Dec 15, 1987",Phoenix Suns,97.0,Los Angeles Lakers,122.0,Box Score,,17371.0,
78,"Tue, Dec 15, 1987",San Antonio Spurs,98.0,New Jersey Nets,104.0,Box Score,,8010.0,
79,"Tue, Dec 15, 1987",Milwaukee Bucks,103.0,New York Knicks,98.0,Box Score,,9016.0,
80,"Tue, Dec 15, 1987",Seattle SuperSonics,109.0,Portland Trail Blazers,128.0,Box Score,,12666.0,
81,"Tue, Dec 15, 1987",Los Angeles Clippers,108.0,Sacramento Kings,128.0,Box Score,,10333.0,
82,"Tue, Dec 15, 1987",Boston Celtics,122.0,Washington Bullets,102.0,Box Score,,15896.0,
83,"Wed, Dec 16, 1987",Utah Jazz,111.0,Boston Celtics,121.0,Box Score,,14890.0,
84,"Wed, Dec 16, 1987",Houston Rockets,113.0,Denver Nuggets,132.0,Box Score,,13834.0,
85,"Wed, Dec 16, 1987",Dallas Mavericks,109.0,New Jersey Nets,105.0,Box Score,OT,9877.0,
86,"Wed, Dec 16, 1987",San Antonio Spurs,102.0,Philadelphia 76ers,114.0,Box Score,,9278.0,
87,"Thu, Dec 17, 1987",Cleveland Cavaliers,100.0,Chicago Bulls,111.0,Box Score,,17560.0,
88,"Thu, Dec 17, 1987",Los Angeles Lakers,113.0,Golden State Warriors,106.0,Box Score,,15025.0,
89,"Thu, Dec 17, 1987",Houston Rockets,92.0,Los Angeles Clippers,98.0,Box Score,,6519.0,
90,"Thu, Dec 17, 1987",Philadelphia 76ers,106.0,New York Knicks,96.0,Box Score,,13027.0,
91,"Thu, Dec 17, 1987",Sacramento Kings,109.0,Seattle SuperSonics,114.0,Box Score,,10238.0,
92,"Thu, Dec 17, 1987",Indiana Pacers,111.0,Washington Bullets,115.0,Box Score,OT,5433.0,
93,"Fri, Dec 18, 1987",New Jersey Nets,94.0,Cleveland Cavaliers,103.0,Box Score,,6493.0,
94,"Fri, Dec 18, 1987",Dallas Mavericks,112.0,Detroit Pistons,117.0,Box Score,,19426.0,
95,"Fri, Dec 18, 1987",Utah Jazz,97.0,Indiana Pacers,121.0,Box Score,,10613.0,
96,"Fri, Dec 18, 1987",Atlanta Hawks,94.0,Milwaukee Bucks,87.0,Box Score,,11052.0,
97,"Fri, Dec 18, 1987",Portland Trail Blazers,129.0,Phoenix Suns,114.0,Box Score,,9971.0,
98,"Fri, Dec 18, 1987",Denver Nuggets,114.0,San Antonio Spurs,133.0,Box Score,,7401.0,
99,"Sat, Dec 19, 1987",Utah Jazz,124.0,Atlanta Hawks,130.0,Box Score,OT,12215.0,
100,"Sat, Dec 19, 1987",Seattle SuperSonics,129.0,Golden State Warriors,102.0,Box Score,,12998.0,
101,"Sat, Dec 19, 1987",Denver Nuggets,121.0,Houston Rockets,117.0,Box Score,,16611.0,
102,"Sat, Dec 19, 1987",Los Angeles Lakers,108.0,Los Angeles Clippers,97.0,Box Score,,14417.0,
103,"Sat, Dec 19, 1987",New Jersey Nets,93.0,New York Knicks,125.0,Box Score,,10756.0,
104,"Sat, Dec 19, 1987",Dallas Mavericks,90.0,Philadelphia 76ers,95.0,Box Score,,12477.0,
105,"Sat, Dec 19, 1987",Chicago Bulls,96.0,Washington Bullets,109.0,Box Score,,14353.0,
106,"Sun, Dec 20, 1987",Philadelphia 76ers,87.0,Boston Celtics,124.0,Box Score,,14890.0,
107,"Sun, Dec 20, 1987",Indiana Pacers,116.0,Cleveland Cavaliers,127.0,Box Score,,8115.0,
108,"Sun, Dec 20, 1987",Seattle SuperSonics,94.0,Los Angeles Lakers,103.0,Box Score,,17505.0,
109,"Sun, Dec 20, 1987",San Antonio Spurs,126.0,Portland Trail Blazers,148.0,Box Score,,12666.0,
110,"Sun, Dec 20, 1987",Phoenix Suns,120.0,Sacramento Kings,109.0,Box Score,,10333.0,
111,"Mon, Dec 21, 1987",Utah Jazz,95.0,New Jersey Nets,106.0,Box Score,,7651.0,
112,"Tue, Dec 22, 1987",Dallas Mavericks,111.0,Chicago Bulls,100.0,Box Score,,18103.0,
113,"Tue, Dec 22, 1987",Phoenix Suns,104.0,Denver Nuggets,119.0,Box Score,,8823.0,
114,"Tue, Dec 22, 1987",Atlanta Hawks,103.0,Houston Rockets,122.0,Box Score,,16611.0,
115,"Tue, Dec 22, 1987",New York Knicks,105.0,Milwaukee Bucks,122.0,Box Score,,11052.0,
116,"Tue, Dec 22, 1987",Boston Celtics,118.0,Philadelphia 76ers,115.0,Box Score,,18168.0,
117,"Tue, Dec 22, 1987",Golden State Warriors,91.0,Portland Trail Blazers,136.0,Box Score,,12666.0,
118,"Tue, Dec 22, 1987",San Antonio Spurs,96.0,Sacramento Kings,120.0,Box Score,,10333.0,
119,"Tue, Dec 22, 1987",Cleveland Cavaliers,106.0,Washington Bullets,102.0,Box Score,,4464.0,
120,"Wed, Dec 23, 1987",Utah Jazz,91.0,Cleveland Cavaliers,83.0,Box Score,,9202.0,
121,"Wed, Dec 23, 1987",Denver Nuggets,117.0,Golden State Warriors,129.0,Box Score,,10071.0,
122,"Wed, Dec 23, 1987",Dallas Mavericks,110.0,Indiana Pacers,109.0,Box Score,,14572.0,
123,"Wed, Dec 23, 1987",San Antonio Spurs,111.0,Los Angeles Clippers,97.0,Box Score,,7763.0,
124,"Wed, Dec 23, 1987",Sacramento Kings,103.0,Los Angeles Lakers,117.0,Box Score,,17505.0,
125,"Wed, Dec 23, 1987",Philadelphia 76ers,110.0,New Jersey Nets,106.0,Box Score,,9122.0,
126,"Wed, Dec 23, 1987",Chicago Bulls,89.0,New York Knicks,90.0,Box Score,,19591.0,
127,"Wed, Dec 23, 1987",Seattle SuperSonics,103.0,Phoenix Suns,102.0,Box Score,,10351.0,
128,"Fri, Dec 25, 1987",Detroit Pistons,91.0,New York Knicks,87.0,Box Score,,14549.0,
129,"Fri, Dec 25, 1987",Atlanta Hawks,106.0,Philadelphia 76ers,100.0,Box Score,,14133.0,
130,"Sat, Dec 26, 1987",New York Knicks,98.0,Atlanta Hawks,125.0,Box Score,,16451.0,
131,"Sat, Dec 26, 1987",Portland Trail Blazers,117.0,Cleveland Cavaliers,120.0,Box Score,,14225.0,
132,"Sat, Dec 26, 1987",Houston Rockets,100.0,Dallas Mavericks,105.0,Box Score,,17007.0,
133,"Sat, Dec 26, 1987",Seattle SuperSonics,111.0,Denver Nuggets,115.0,Box Score,,12403.0,
134,"Sat, Dec 26, 1987",New Jersey Nets,75.0,Detroit Pistons,110.0,Box Score,,23330.0,
135,"Sat, Dec 26, 1987",Chicago Bulls,92.0,Indiana Pacers,106.0,Box Score,,16041.0,
136,"Sat, Dec 26, 1987",Boston Celtics,106.0,Los Angeles Clippers,97.0,Box Score,,15167.0,
137,"Sat, Dec 26, 1987",Washington Bullets,97.0,Milwaukee Bucks,102.0,Box Score,,11052.0,
138,"Sat, Dec 26, 1987",Sacramento Kings,112.0,Phoenix Suns,110.0,Box Score,,10328.0,
139,"Sat, Dec 26, 1987",Golden State Warriors,96.0,San Antonio Spurs,105.0,Box Score,,10632.0,
140,"Sat, Dec 26, 1987",Los Angeles Lakers,117.0,Utah Jazz,109.0,Box Score,,12212.0,
141,"Sun, Dec 27, 1987",Cleveland Cavaliers,83.0,New Jersey Nets,101.0,Box Score,,9216.0,
142,"Sun, Dec 27, 1987",Boston Celtics,114.0,Sacramento Kings,102.0,Box Score,,10333.0,
143,"Mon, Dec 28, 1987",Philadelphia 76ers,101.0,Phoenix Suns,117.0,Box Score,,13041.0,
144,"Mon, Dec 28, 1987",Denver Nuggets,100.0,Seattle SuperSonics,108.0,Box Score,,13007.0,
145,"Tue, Dec 29, 1987",Atlanta Hawks,108.0,Chicago Bulls,98.0,Box Score,,18678.0,
146,"Tue, Dec 29, 1987",Sacramento Kings,117.0,Dallas Mavericks,126.0,Box Score,,17007.0,
147,"Tue, Dec 29, 1987",Utah Jazz,98.0,Denver Nuggets,97.0,Box Score,,10621.0,
148,"Tue, Dec 29, 1987",Houston Rockets,101.0,Detroit Pistons,91.0,Box Score,,26498.0,
149,"Tue, Dec 29, 1987",Philadelphia 76ers,115.0,Los Angeles Lakers,131.0,Box Score,,17505.0,
150,"Tue, Dec 29, 1987",Milwaukee Bucks,106.0,New Jersey Nets,88.0,Box Score,,9035.0,
151,"Tue, Dec 29, 1987",Portland Trail Blazers,110.0,New York Knicks,123.0,Box Score,,13798.0,
152,"Wed, Dec 30, 1987",Atlanta Hawks,117.0,Cleveland Cavaliers,110.0,Box Score,,19029.0,
153,"Wed, Dec 30, 1987",Detroit Pistons,105.0,Indiana Pacers,95.0,Box Score,,12945.0,
154,"Wed, Dec 30, 1987",Phoenix Suns,121.0,Los Angeles Clippers,102.0,Box Score,,7420.0,
155,"Wed, Dec 30, 1987",Houston Rockets,102.0,Milwaukee Bucks,93.0,Box Score,,11052.0,
156,"Wed, Dec 30, 1987",Sacramento Kings,108.0,San Antonio Spurs,140.0,Box Score,,7294.0,
157,"Wed, Dec 30, 1987",Boston Celtics,105.0,Seattle SuperSonics,111.0,Box Score,,14850.0,
158,"Wed, Dec 30, 1987",Golden State Warriors,103.0,Utah Jazz,104.0,Box Score,,12212.0,
159,"Wed, Dec 30, 1987",Portland Trail Blazers,117.0,Washington Bullets,112.0,Box Score,,6338.0,
0,"Fri, Jan 1, 1988",Los Angeles Clippers,96.0,New York Knicks,115.0,Box Score,,11820.0,
1,"Fri, Jan 1, 1988",Philadelphia 76ers,125.0,Portland Trail Blazers,127.0,Box Score,,12666.0,
2,"Fri, Jan 1, 1988",Denver Nuggets,124.0,Washington Bullets,109.0,Box Score,,5326.0,
3,"Sat, Jan 2, 1988",New Jersey Nets,93.0,Chicago Bulls,116.0,Box Score,,18242.0,
4,"Sat, Jan 2, 1988",Phoenix Suns,107.0,Cleveland Cavaliers,120.0,Box Score,,9106.0,
5,"Sat, Jan 2, 1988",Denver Nuggets,151.0,Detroit Pistons,142.0,Box Score,,23746.0,
6,"Sat, Jan 2, 1988",Boston Celtics,115.0,Golden State Warriors,110.0,Box Score,,15025.0,
7,"Sat, Jan 2, 1988",Indiana Pacers,99.0,Milwaukee Bucks,97.0,Box Score,,11052.0,
8,"Sat, Jan 2, 1988",Utah Jazz,105.0,Sacramento Kings,107.0,Box Score,,10333.0,
9,"Sat, Jan 2, 1988",Dallas Mavericks,116.0,San Antonio Spurs,109.0,Box Score,,12426.0,
10,"Sat, Jan 2, 1988",Philadelphia 76ers,114.0,Seattle SuperSonics,116.0,Box Score,,14250.0,
11,"Sat, Jan 2, 1988",Houston Rockets,111.0,Washington Bullets,100.0,Box Score,,12769.0,
12,"Sun, Jan 3, 1988",Los Angeles Clippers,84.0,Atlanta Hawks,121.0,Box Score,,9456.0,
13,"Sun, Jan 3, 1988",Los Angeles Lakers,98.0,Portland Trail Blazers,81.0,Box Score,,12666.0,
14,"Mon, Jan 4, 1988",Denver Nuggets,101.0,Cleveland Cavaliers,122.0,Box Score,,6448.0,
15,"Mon, Jan 4, 1988",Dallas Mavericks,107.0,Houston Rockets,117.0,Box Score,,16611.0,
16,"Mon, Jan 4, 1988",San Antonio Spurs,115.0,Los Angeles Lakers,133.0,Box Score,,17505.0,
17,"Mon, Jan 4, 1988",Phoenix Suns,114.0,Philadelphia 76ers,122.0,Box Score,,7851.0,
18,"Mon, Jan 4, 1988",Boston Celtics,107.0,Utah Jazz,99.0,Box Score,,12212.0,
19,"Tue, Jan 5, 1988",Detroit Pistons,71.0,Atlanta Hawks,81.0,Box Score,,16451.0,
20,"Tue, Jan 5, 1988",Indiana Pacers,77.0,Chicago Bulls,93.0,Box Score,,17691.0,
21,"Tue, Jan 5, 1988",San Antonio Spurs,119.0,Golden State Warriors,129.0,Box Score,,8981.0,
22,"Tue, Jan 5, 1988",Los Angeles Clippers,82.0,Milwaukee Bucks,98.0,Box Score,,11062.0,
23,"Tue, Jan 5, 1988",Phoenix Suns,100.0,New York Knicks,95.0,Box Score,,11003.0,
24,"Tue, Jan 5, 1988",Seattle SuperSonics,114.0,Portland Trail Blazers,126.0,Box Score,,12666.0,
25,"Tue, Jan 5, 1988",New Jersey Nets,97.0,Washington Bullets,101.0,Box Score,,6173.0,
26,"Wed, Jan 6, 1988",New York Knicks,108.0,Boston Celtics,117.0,Box Score,,14890.0,
27,"Wed, Jan 6, 1988",Los Angeles Clippers,100.0,Cleveland Cavaliers,116.0,Box Score,,7017.0,
28,"Wed, Jan 6, 1988",Atlanta Hawks,87.0,Detroit Pistons,90.0,Box Score,,25749.0,
29,"Wed, Jan 6, 1988",Dallas Mavericks,89.0,Los Angeles Lakers,103.0,Box Score,,17505.0,
30,"Wed, Jan 6, 1988",Denver Nuggets,98.0,New Jersey Nets,93.0,Box Score,,7804.0,
31,"Wed, Jan 6, 1988",Utah Jazz,93.0,Philadelphia 76ers,116.0,Box Score,,10486.0,
32,"Wed, Jan 6, 1988",Houston Rockets,95.0,Seattle SuperSonics,110.0,Box Score,,11289.0,
33,"Thu, Jan 7, 1988",Denver Nuggets,96.0,Chicago Bulls,100.0,Box Score,,17590.0,
34,"Thu, Jan 7, 1988",Houston Rockets,120.0,Golden State Warriors,113.0,Box Score,,15025.0,
35,"Thu, Jan 7, 1988",Milwaukee Bucks,108.0,Indiana Pacers,114.0,Box Score,,10263.0,
36,"Thu, Jan 7, 1988",Dallas Mavericks,105.0,Phoenix Suns,91.0,Box Score,,11473.0,
37,"Thu, Jan 7, 1988",San Antonio Spurs,124.0,Sacramento Kings,119.0,Box Score,,10333.0,
38,"Fri, Jan 8, 1988",Cleveland Cavaliers,97.0,Atlanta Hawks,101.0,Box Score,,11408.0,
39,"Fri, Jan 8, 1988",Washington Bullets,109.0,Boston Celtics,125.0,Box Score,,14890.0,
40,"Fri, Jan 8, 1988",Los Angeles Lakers,106.0,Detroit Pistons,104.0,Box Score,,40278.0,
41,"Fri, Jan 8, 1988",Utah Jazz,111.0,Milwaukee Bucks,107.0,Box Score,,11052.0,
42,"Fri, Jan 8, 1988",New York Knicks,111.0,New Jersey Nets,118.0,Box Score,,11025.0,
43,"Fri, Jan 8, 1988",Los Angeles Clippers,103.0,Philadelphia 76ers,117.0,Box Score,,8045.0,
44,"Fri, Jan 8, 1988",Sacramento Kings,91.0,Portland Trail Blazers,98.0,Box Score,,12666.0,
45,"Sat, Jan 9, 1988",Denver Nuggets,105.0,Atlanta Hawks,113.0,Box Score,,14986.0,
46,"Sat, Jan 9, 1988",Utah Jazz,91.0,Chicago Bulls,113.0,Box Score,,17877.0,
47,"Sat, Jan 9, 1988",Dallas Mavericks,115.0,Golden State Warriors,99.0,Box Score,,12907.0,
48,"Sat, Jan 9, 1988",Phoenix Suns,98.0,Houston Rockets,104.0,Box Score,,16611.0,
49,"Sat, Jan 9, 1988",Los Angeles Lakers,101.0,Indiana Pacers,98.0,Box Score,,16912.0,
50,"Sat, Jan 9, 1988",Boston Celtics,98.0,New York Knicks,106.0,Box Score,,19591.0,
51,"Sat, Jan 9, 1988",Cleveland Cavaliers,110.0,Philadelphia 76ers,126.0,Box Score,,10676.0,
52,"Sat, Jan 9, 1988",San Antonio Spurs,133.0,Seattle SuperSonics,141.0,Box Score,,11565.0,
53,"Sat, Jan 9, 1988",Los Angeles Clippers,76.0,Washington Bullets,108.0,Box Score,,6213.0,
54,"Sun, Jan 10, 1988",New Jersey Nets,87.0,Milwaukee Bucks,105.0,Box Score,,11052.0,
55,"Sun, Jan 10, 1988",Seattle SuperSonics,108.0,Sacramento Kings,109.0,Box Score,,10333.0,
56,"Mon, Jan 11, 1988",Los Angeles Clippers,90.0,Indiana Pacers,111.0,Box Score,,7230.0,
57,"Mon, Jan 11, 1988",Denver Nuggets,115.0,Phoenix Suns,127.0,Box Score,,9802.0,
58,"Tue, Jan 12, 1988",Boston Celtics,104.0,Chicago Bulls,97.0,Box Score,,18676.0,
59,"Tue, Jan 12, 1988",New York Knicks,111.0,Cleveland Cavaliers,119.0,Box Score,,7487.0,
60,"Tue, Jan 12, 1988",Golden State Warriors,113.0,Los Angeles Lakers,117.0,Box Score,,17505.0,
61,"Tue, Jan 12, 1988",Philadelphia 76ers,103.0,Milwaukee Bucks,106.0,Box Score,,11052.0,
62,"Wed, Jan 13, 1988",Detroit Pistons,105.0,Boston Celtics,143.0,Box Score,,14890.0,
63,"Wed, Jan 13, 1988",Indiana Pacers,108.0,Dallas Mavericks,110.0,Box Score,,17007.0,
64,"Wed, Jan 13, 1988",Los Angeles Lakers,109.0,Los Angeles Clippers,110.0,Box Score,OT,14906.0,
65,"Wed, Jan 13, 1988",New Jersey Nets,95.0,Philadelphia 76ers,104.0,Box Score,,8216.0,
66,"Wed, Jan 13, 1988",Houston Rockets,106.0,Phoenix Suns,117.0,Box Score,,10114.0,
67,"Wed, Jan 13, 1988",Atlanta Hawks,120.0,San Antonio Spurs,110.0,Box Score,,10183.0,
68,"Wed, Jan 13, 1988",Golden State Warriors,115.0,Seattle SuperSonics,144.0,Box Score,,7909.0,
69,"Wed, Jan 13, 1988",Portland Trail Blazers,104.0,Utah Jazz,116.0,Box Score,,12212.0,
70,"Thu, Jan 14, 1988",Chicago Bulls,88.0,Cleveland Cavaliers,91.0,Box Score,OT,16648.0,
71,"Thu, Jan 14, 1988",Atlanta Hawks,112.0,Denver Nuggets,115.0,Box Score,,14944.0,
72,"Thu, Jan 14, 1988",Portland Trail Blazers,98.0,Houston Rockets,103.0,Box Score,,16611.0,
73,"Thu, Jan 14, 1988",Sacramento Kings,87.0,New Jersey Nets,90.0,Box Score,,7940.0,
74,"Thu, Jan 14, 1988",Milwaukee Bucks,107.0,Washington Bullets,136.0,Box Score,,8316.0,
75,"Fri, Jan 15, 1988",Sacramento Kings,86.0,Boston Celtics,122.0,Box Score,,14890.0,
76,"Fri, Jan 15, 1988",Cleveland Cavaliers,93.0,Detroit Pistons,97.0,Box Score,,19822.0,
77,"Fri, Jan 15, 1988",Los Angeles Clippers,116.0,Golden State Warriors,123.0,Box Score,,9108.0,
78,"Fri, Jan 15, 1988",New York Knicks,104.0,Philadelphia 76ers,119.0,Box Score,,13734.0,
79,"Fri, Jan 15, 1988",Indiana Pacers,112.0,San Antonio Spurs,108.0,Box Score,,6841.0,
80,"Fri, Jan 15, 1988",Utah Jazz,105.0,Seattle SuperSonics,124.0,Box Score,,10418.0,
81,"Sat, Jan 16, 1988",Detroit Pistons,99.0,Chicago Bulls,115.0,Box Score,,18676.0,
82,"Sat, Jan 16, 1988",Atlanta Hawks,101.0,Dallas Mavericks,98.0,Box Score,,17007.0,
83,"Sat, Jan 16, 1988",Golden State Warriors,94.0,Denver Nuggets,115.0,Box Score,,14241.0,
84,"Sat, Jan 16, 1988",Indiana Pacers,102.0,Houston Rockets,132.0,Box Score,,16611.0,
85,"Sat, Jan 16, 1988",Seattle SuperSonics,114.0,Los Angeles Clippers,112.0,Box Score,OT,8697.0,
86,"Sat, Jan 16, 1988",Boston Celtics,103.0,New Jersey Nets,96.0,Box Score,,20039.0,
87,"Sat, Jan 16, 1988",Philadelphia 76ers,96.0,New York Knicks,110.0,Box Score,,19237.0,
88,"Sat, Jan 16, 1988",Los Angeles Lakers,107.0,Phoenix Suns,96.0,Box Score,,14471.0,
89,"Sat, Jan 16, 1988",Portland Trail Blazers,121.0,San Antonio Spurs,120.0,Box Score,,9523.0,
90,"Sun, Jan 17, 1988",Cleveland Cavaliers,93.0,Milwaukee Bucks,111.0,Box Score,,11052.0,
91,"Sun, Jan 17, 1988",Sacramento Kings,113.0,Washington Bullets,130.0,Box Score,,3863.0,
92,"Mon, Jan 18, 1988",Golden State Warriors,101.0,Boston Celtics,121.0,Box Score,,14899.0,
93,"Mon, Jan 18, 1988",Washington Bullets,103.0,Chicago Bulls,117.0,Box Score,,17767.0,
94,"Mon, Jan 18, 1988",Detroit Pistons,123.0,Denver Nuggets,116.0,Box Score,,13004.0,
95,"Mon, Jan 18, 1988",Dallas Mavericks,99.0,Los Angeles Clippers,87.0,Box Score,,6936.0,
96,"Mon, Jan 18, 1988",Houston Rockets,110.0,Los Angeles Lakers,121.0,Box Score,,17505.0,
97,"Mon, Jan 18, 1988",Phoenix Suns,113.0,New Jersey Nets,117.0,Box Score,,8074.0,
98,"Mon, Jan 18, 1988",Atlanta Hawks,102.0,New York Knicks,110.0,Box Score,,13740.0,
99,"Mon, Jan 18, 1988",Indiana Pacers,105.0,Seattle SuperSonics,115.0,Box Score,,10151.0,
100,"Tue, Jan 19, 1988",Chicago Bulls,94.0,Atlanta Hawks,106.0,Box Score,,16451.0,
101,"Tue, Jan 19, 1988",Dallas Mavericks,120.0,Portland Trail Blazers,116.0,Box Score,,12666.0,
102,"Tue, Jan 19, 1988",Houston Rockets,104.0,Sacramento Kings,107.0,Box Score,,10333.0,
103,"Tue, Jan 19, 1988",Milwaukee Bucks,104.0,San Antonio Spurs,110.0,Box Score,,12456.0,
104,"Wed, Jan 20, 1988",Phoenix Suns,115.0,Boston Celtics,131.0,Box Score,,14890.0,
105,"Wed, Jan 20, 1988",Indiana Pacers,97.0,Los Angeles Clippers,104.0,Box Score,,6773.0,
106,"Wed, Jan 20, 1988",Golden State Warriors,103.0,New Jersey Nets,101.0,Box Score,,8116.0,
107,"Wed, Jan 20, 1988",Washington Bullets,110.0,Philadelphia 76ers,98.0,Box Score,,13885.0,
108,"Wed, Jan 20, 1988",New York Knicks,96.0,Seattle SuperSonics,108.0,Box Score,,11767.0,
109,"Wed, Jan 20, 1988",Detroit Pistons,120.0,Utah Jazz,117.0,Box Score,,12212.0,
110,"Thu, Jan 21, 1988",Atlanta Hawks,101.0,Cleveland Cavaliers,93.0,Box Score,,10129.0,
111,"Thu, Jan 21, 1988",Los Angeles Lakers,113.0,Denver Nuggets,115.0,Box Score,,17022.0,
112,"Thu, Jan 21, 1988",Milwaukee Bucks,103.0,Houston Rockets,116.0,Box Score,,16611.0,
113,"Fri, Jan 22, 1988",Atlanta Hawks,106.0,Boston Celtics,124.0,Box Score,,14890.0,
114,"Fri, Jan 22, 1988",Phoenix Suns,108.0,Chicago Bulls,118.0,Box Score,,17725.0,
115,"Fri, Jan 22, 1988",Los Angeles Clippers,87.0,Dallas Mavericks,110.0,Box Score,,17007.0,
116,"Fri, Jan 22, 1988",New Jersey Nets,104.0,Indiana Pacers,113.0,Box Score,,9318.0,
117,"Fri, Jan 22, 1988",New York Knicks,112.0,Los Angeles Lakers,113.0,Box Score,,17505.0,
118,"Fri, Jan 22, 1988",Denver Nuggets,106.0,Portland Trail Blazers,126.0,Box Score,,12666.0,
119,"Fri, Jan 22, 1988",Detroit Pistons,106.0,Seattle SuperSonics,109.0,Box Score,,14737.0,
120,"Fri, Jan 22, 1988",San Antonio Spurs,106.0,Utah Jazz,119.0,Box Score,,12212.0,
121,"Fri, Jan 22, 1988",Golden State Warriors,91.0,Washington Bullets,115.0,Box Score,,12713.0,
122,"Sat, Jan 23, 1988",Golden State Warriors,94.0,Chicago Bulls,121.0,Box Score,,17856.0,
123,"Sat, Jan 23, 1988",Boston Celtics,100.0,Cleveland Cavaliers,119.0,Box Score,,20900.0,
124,"Sat, Jan 23, 1988",Milwaukee Bucks,97.0,Dallas Mavericks,113.0,Box Score,,17007.0,
125,"Sat, Jan 23, 1988",New York Knicks,94.0,Sacramento Kings,97.0,Box Score,,10333.0,
126,"Sat, Jan 23, 1988",Los Angeles Clippers,100.0,San Antonio Spurs,106.0,Box Score,,7369.0,
127,"Sun, Jan 24, 1988",New Jersey Nets,111.0,Atlanta Hawks,118.0,Box Score,,,
128,"Sun, Jan 24, 1988",Phoenix Suns,109.0,Indiana Pacers,128.0,Box Score,,10842.0,
129,"Sun, Jan 24, 1988",Detroit Pistons,111.0,Portland Trail Blazers,119.0,Box Score,,12666.0,
130,"Sun, Jan 24, 1988",Los Angeles Lakers,116.0,Seattle SuperSonics,109.0,Box Score,,14739.0,
131,"Sun, Jan 24, 1988",Philadelphia 76ers,99.0,Washington Bullets,131.0,Box Score,,13321.0,
132,"Mon, Jan 25, 1988",Milwaukee Bucks,108.0,Golden State Warriors,105.0,Box Score,,12666.0,
133,"Mon, Jan 25, 1988",Cleveland Cavaliers,96.0,Utah Jazz,119.0,Box Score,,12212.0,
134,"Mon, Jan 25, 1988",Philadelphia 76ers,117.0,Washington Bullets,118.0,Box Score,OT,4007.0,
135,"Tue, Jan 26, 1988",Boston Celtics,102.0,Atlanta Hawks,97.0,Box Score,,16451.0,
136,"Tue, Jan 26, 1988",San Antonio Spurs,111.0,Dallas Mavericks,128.0,Box Score,,17007.0,
137,"Tue, Jan 26, 1988",Los Angeles Clippers,104.0,Houston Rockets,124.0,Box Score,,16611.0,
138,"Tue, Jan 26, 1988",Chicago Bulls,93.0,Indiana Pacers,97.0,Box Score,,14916.0,
139,"Tue, Jan 26, 1988",Utah Jazz,100.0,Los Angeles Lakers,111.0,Box Score,,17505.0,
140,"Tue, Jan 26, 1988",New Jersey Nets,101.0,New York Knicks,122.0,Box Score,,12354.0,
141,"Tue, Jan 26, 1988",Milwaukee Bucks,106.0,Portland Trail Blazers,112.0,Box Score,,12666.0,
142,"Tue, Jan 26, 1988",Seattle SuperSonics,116.0,Sacramento Kings,100.0,Box Score,,10333.0,
143,"Wed, Jan 27, 1988",Washington Bullets,100.0,Boston Celtics,106.0,Box Score,,14890.0,
144,"Wed, Jan 27, 1988",Indiana Pacers,86.0,Detroit Pistons,103.0,Box Score,,19801.0,
145,"Wed, Jan 27, 1988",Portland Trail Blazers,110.0,Golden State Warriors,115.0,Box Score,,11010.0,
146,"Wed, Jan 27, 1988",Chicago Bulls,119.0,Philadelphia 76ers,109.0,Box Score,OT,16178.0,
147,"Wed, Jan 27, 1988",Dallas Mavericks,121.0,Phoenix Suns,102.0,Box Score,,10592.0,
148,"Wed, Jan 27, 1988",Cleveland Cavaliers,112.0,San Antonio Spurs,102.0,Box Score,,5940.0,
149,"Thu, Jan 28, 1988",Milwaukee Bucks,113.0,Denver Nuggets,122.0,Box Score,,13911.0,
150,"Thu, Jan 28, 1988",Cleveland Cavaliers,109.0,Houston Rockets,85.0,Box Score,,16611.0,
151,"Thu, Jan 28, 1988",Los Angeles Lakers,115.0,Sacramento Kings,94.0,Box Score,,10333.0,
152,"Thu, Jan 28, 1988",New York Knicks,90.0,Washington Bullets,104.0,Box Score,,8059.0,
153,"Fri, Jan 29, 1988",New Jersey Nets,93.0,Chicago Bulls,120.0,Box Score,,17616.0,
154,"Fri, Jan 29, 1988",Seattle SuperSonics,109.0,Dallas Mavericks,117.0,Box Score,,17007.0,
155,"Fri, Jan 29, 1988",Boston Celtics,108.0,Detroit Pistons,125.0,Box Score,,61983.0,
156,"Fri, Jan 29, 1988",Utah Jazz,100.0,Golden State Warriors,102.0,Box Score,,11124.0,
157,"Fri, Jan 29, 1988",Milwaukee Bucks,97.0,Los Angeles Clippers,88.0,Box Score,,9239.0,
158,"Fri, Jan 29, 1988",Atlanta Hawks,107.0,Los Angeles Lakers,117.0,Box Score,,17505.0,
159,"Fri, Jan 29, 1988",Indiana Pacers,89.0,Philadelphia 76ers,94.0,Box Score,,10150.0,
160,"Fri, Jan 29, 1988",Phoenix Suns,119.0,Portland Trail Blazers,128.0,Box Score,,12666.0,
161,"Sat, Jan 30, 1988",New York Knicks,95.0,Chicago Bulls,97.0,Box Score,OT,18317.0,
162,"Sat, Jan 30, 1988",Washington Bullets,126.0,Cleveland Cavaliers,128.0,Box Score,OT,18749.0,
163,"Sat, Jan 30, 1988",Houston Rockets,108.0,Dallas Mavericks,92.0,Box Score,,17007.0,
164,"Sat, Jan 30, 1988",Los Angeles Clippers,106.0,Denver Nuggets,124.0,Box Score,,11488.0,
165,"Sat, Jan 30, 1988",Detroit Pistons,104.0,New Jersey Nets,116.0,Box Score,,11894.0,
166,"Sat, Jan 30, 1988",Sacramento Kings,126.0,Phoenix Suns,120.0,Box Score,,14471.0,
167,"Sat, Jan 30, 1988",Seattle SuperSonics,102.0,San Antonio Spurs,112.0,Box Score,OT,8319.0,
168,"Sat, Jan 30, 1988",Atlanta Hawks,109.0,Utah Jazz,115.0,Box Score,,12212.0,
169,"Sun, Jan 31, 1988",Philadelphia 76ers,85.0,Boston Celtics,100.0,Box Score,,14890.0,
0,"Mon, Feb 1, 1988",Detroit Pistons,83.0,Cleveland Cavaliers,94.0,Box Score,,10636.0,
1,"Mon, Feb 1, 1988",New Jersey Nets,108.0,Dallas Mavericks,103.0,Box Score,,16703.0,
2,"Mon, Feb 1, 1988",Golden State Warriors,88.0,Indiana Pacers,90.0,Box Score,,10626.0,
3,"Mon, Feb 1, 1988",Chicago Bulls,95.0,Sacramento Kings,97.0,Box Score,,10333.0,
4,"Mon, Feb 1, 1988",Seattle SuperSonics,100.0,Utah Jazz,105.0,Box Score,,12212.0,
5,"Tue, Feb 2, 1988",Phoenix Suns,99.0,Houston Rockets,109.0,Box Score,,16611.0,
6,"Tue, Feb 2, 1988",Chicago Bulls,101.0,Los Angeles Lakers,110.0,Box Score,,17505.0,
7,"Tue, Feb 2, 1988",Detroit Pistons,99.0,Milwaukee Bucks,97.0,Box Score,,11052.0,
8,"Tue, Feb 2, 1988",Washington Bullets,106.0,New York Knicks,110.0,Box Score,,14269.0,
9,"Tue, Feb 2, 1988",Atlanta Hawks,118.0,Portland Trail Blazers,121.0,Box Score,,12666.0,
10,"Tue, Feb 2, 1988",New Jersey Nets,106.0,San Antonio Spurs,118.0,Box Score,,5400.0,
11,"Wed, Feb 3, 1988",Indiana Pacers,103.0,Boston Celtics,118.0,Box Score,,14890.0,
12,"Wed, Feb 3, 1988",Dallas Mavericks,105.0,Denver Nuggets,115.0,Box Score,,10667.0,
13,"Wed, Feb 3, 1988",Golden State Warriors,84.0,Philadelphia 76ers,96.0,Box Score,,14284.0,
14,"Wed, Feb 3, 1988",Sacramento Kings,91.0,Utah Jazz,123.0,Box Score,,12212.0,
15,"Wed, Feb 3, 1988",Cleveland Cavaliers,107.0,Washington Bullets,106.0,Box Score,,6806.0,
16,"Thu, Feb 4, 1988",Golden State Warriors,96.0,Cleveland Cavaliers,90.0,Box Score,OT,10117.0,
17,"Thu, Feb 4, 1988",New Jersey Nets,87.0,Houston Rockets,115.0,Box Score,,16611.0,
18,"Thu, Feb 4, 1988",Philadelphia 76ers,95.0,Indiana Pacers,109.0,Box Score,,14054.0,
19,"Thu, Feb 4, 1988",Los Angeles Lakers,117.0,Los Angeles Clippers,86.0,Box Score,,15371.0,
20,"Thu, Feb 4, 1988",Boston Celtics,101.0,Milwaukee Bucks,111.0,Box Score,,11052.0,
21,"Thu, Feb 4, 1988",Detroit Pistons,93.0,New York Knicks,100.0,Box Score,,14363.0,
22,"Thu, Feb 4, 1988",Chicago Bulls,113.0,Phoenix Suns,101.0,Box Score,,14471.0,
23,"Thu, Feb 4, 1988",Utah Jazz,126.0,Portland Trail Blazers,123.0,Box Score,,12666.0,
24,"Thu, Feb 4, 1988",Dallas Mavericks,101.0,Sacramento Kings,118.0,Box Score,,10333.0,
25,"Thu, Feb 4, 1988",Denver Nuggets,129.0,San Antonio Spurs,123.0,Box Score,,8887.0,
26,"Thu, Feb 4, 1988",Atlanta Hawks,119.0,Seattle SuperSonics,109.0,Box Score,,14611.0,
27,"Tue, Feb 9, 1988",Philadelphia 76ers,110.0,Atlanta Hawks,112.0,Box Score,,15333.0,
28,"Tue, Feb 9, 1988",Detroit Pistons,89.0,Chicago Bulls,74.0,Box Score,,17846.0,
29,"Tue, Feb 9, 1988",Utah Jazz,93.0,Dallas Mavericks,124.0,Box Score,,17007.0,
30,"Tue, Feb 9, 1988",San Antonio Spurs,108.0,Denver Nuggets,136.0,Box Score,,8492.0,
31,"Tue, Feb 9, 1988",Sacramento Kings,99.0,Golden State Warriors,117.0,Box Score,,11358.0,
32,"Tue, Feb 9, 1988",Boston Celtics,120.0,Houston Rockets,129.0,Box Score,,16611.0,
33,"Tue, Feb 9, 1988",Indiana Pacers,110.0,Los Angeles Lakers,108.0,Box Score,,17505.0,
34,"Tue, Feb 9, 1988",Cleveland Cavaliers,104.0,Milwaukee Bucks,112.0,Box Score,,11052.0,
35,"Tue, Feb 9, 1988",Los Angeles Clippers,100.0,Phoenix Suns,106.0,Box Score,,8756.0,
36,"Tue, Feb 9, 1988",Seattle SuperSonics,123.0,Portland Trail Blazers,139.0,Box Score,,12666.0,
37,"Tue, Feb 9, 1988",New Jersey Nets,117.0,Washington Bullets,126.0,Box Score,OT,6431.0,
38,"Wed, Feb 10, 1988",Washington Bullets,102.0,Cleveland Cavaliers,118.0,Box Score,,9179.0,
39,"Wed, Feb 10, 1988",New York Knicks,87.0,Detroit Pistons,98.0,Box Score,,19160.0,
40,"Wed, Feb 10, 1988",Phoenix Suns,95.0,Los Angeles Clippers,101.0,Box Score,,5670.0,
41,"Wed, Feb 10, 1988",Chicago Bulls,84.0,New Jersey Nets,93.0,Box Score,,16567.0,
42,"Wed, Feb 10, 1988",Boston Celtics,136.0,San Antonio Spurs,120.0,Box Score,,15770.0,
43,"Wed, Feb 10, 1988",Dallas Mavericks,80.0,Utah Jazz,93.0,Box Score,,12444.0,
44,"Thu, Feb 11, 1988",Los Angeles Lakers,120.0,Denver Nuggets,108.0,Box Score,,17022.0,
45,"Thu, Feb 11, 1988",Indiana Pacers,108.0,Golden State Warriors,107.0,Box Score,,9532.0,
46,"Thu, Feb 11, 1988",Milwaukee Bucks,113.0,Philadelphia 76ers,119.0,Box Score,OT,11483.0,
47,"Thu, Feb 11, 1988",Portland Trail Blazers,113.0,Sacramento Kings,123.0,Box Score,,10333.0,
48,"Thu, Feb 11, 1988",Houston Rockets,115.0,Seattle SuperSonics,120.0,Box Score,,13038.0,
49,"Fri, Feb 12, 1988",New Jersey Nets,96.0,Cleveland Cavaliers,98.0,Box Score,,9515.0,
50,"Fri, Feb 12, 1988",Boston Celtics,105.0,Dallas Mavericks,104.0,Box Score,,17007.0,
51,"Fri, Feb 12, 1988",Atlanta Hawks,92.0,Detroit Pistons,108.0,Box Score,,35884.0,
52,"Fri, Feb 12, 1988",Houston Rockets,112.0,Los Angeles Clippers,105.0,Box Score,,11003.0,
53,"Fri, Feb 12, 1988",Chicago Bulls,95.0,Milwaukee Bucks,93.0,Box Score,,11052.0,
54,"Fri, Feb 12, 1988",Indiana Pacers,107.0,Phoenix Suns,102.0,Box Score,,11719.0,
55,"Fri, Feb 12, 1988",Denver Nuggets,105.0,Portland Trail Blazers,120.0,Box Score,,12666.0,
56,"Fri, Feb 12, 1988",Los Angeles Lakers,133.0,San Antonio Spurs,132.0,Box Score,,15770.0,
57,"Sat, Feb 13, 1988",Washington Bullets,103.0,Atlanta Hawks,105.0,Box Score,,16451.0,
58,"Sat, Feb 13, 1988",Chicago Bulls,73.0,Detroit Pistons,82.0,Box Score,,40369.0,
59,"Sat, Feb 13, 1988",Seattle SuperSonics,95.0,Golden State Warriors,109.0,Box Score,,13502.0,
60,"Sat, Feb 13, 1988",Cleveland Cavaliers,103.0,New York Knicks,120.0,Box Score,,13057.0,
61,"Sat, Feb 13, 1988",Phoenix Suns,116.0,Sacramento Kings,114.0,Box Score,,10333.0,
62,"Sun, Feb 14, 1988",Utah Jazz,93.0,Denver Nuggets,107.0,Box Score,,9971.0,
63,"Sun, Feb 14, 1988",Dallas Mavericks,110.0,Los Angeles Clippers,100.0,Box Score,,6535.0,
64,"Sun, Feb 14, 1988",Boston Celtics,106.0,Los Angeles Lakers,115.0,Box Score,,17505.0,
65,"Sun, Feb 14, 1988",Philadelphia 76ers,105.0,New Jersey Nets,109.0,Box Score,,13106.0,
66,"Sun, Feb 14, 1988",Houston Rockets,115.0,Portland Trail Blazers,103.0,Box Score,,12666.0,
67,"Mon, Feb 15, 1988",Atlanta Hawks,107.0,Chicago Bulls,126.0,Box Score,,17704.0,
68,"Mon, Feb 15, 1988",Sacramento Kings,95.0,Cleveland Cavaliers,104.0,Box Score,,13342.0,
69,"Mon, Feb 15, 1988",Philadelphia 76ers,95.0,Detroit Pistons,102.0,Box Score,,21530.0,
70,"Mon, Feb 15, 1988",New Jersey Nets,96.0,New York Knicks,97.0,Box Score,,10093.0,
71,"Mon, Feb 15, 1988",Boston Celtics,107.0,Phoenix Suns,106.0,Box Score,,14471.0,
72,"Mon, Feb 15, 1988",Golden State Warriors,126.0,San Antonio Spurs,122.0,Box Score,,5484.0,
73,"Mon, Feb 15, 1988",Dallas Mavericks,128.0,Seattle SuperSonics,122.0,Box Score,OT,13492.0,
74,"Mon, Feb 15, 1988",Portland Trail Blazers,94.0,Utah Jazz,112.0,Box Score,,12444.0,
75,"Mon, Feb 15, 1988",Milwaukee Bucks,114.0,Washington Bullets,110.0,Box Score,,9564.0,
76,"Tue, Feb 16, 1988",Sacramento Kings,118.0,Atlanta Hawks,115.0,Box Score,,9162.0,
77,"Tue, Feb 16, 1988",Golden State Warriors,116.0,Houston Rockets,121.0,Box Score,,16611.0,
78,"Tue, Feb 16, 1988",New York Knicks,104.0,Indiana Pacers,117.0,Box Score,,9775.0,
79,"Tue, Feb 16, 1988",Los Angeles Clippers,100.0,Los Angeles Lakers,119.0,Box Score,,17505.0,
80,"Wed, Feb 17, 1988",Washington Bullets,108.0,Dallas Mavericks,123.0,Box Score,,17007.0,
81,"Wed, Feb 17, 1988",Boston Celtics,125.0,Denver Nuggets,138.0,Box Score,,17022.0,
82,"Wed, Feb 17, 1988",Portland Trail Blazers,110.0,Los Angeles Clippers,96.0,Box Score,,7710.0,
83,"Wed, Feb 17, 1988",Seattle SuperSonics,93.0,Milwaukee Bucks,115.0,Box Score,,11052.0,
84,"Wed, Feb 17, 1988",Cleveland Cavaliers,115.0,Philadelphia 76ers,107.0,Box Score,,9693.0,
85,"Wed, Feb 17, 1988",Phoenix Suns,103.0,Utah Jazz,108.0,Box Score,,12444.0,
86,"Thu, Feb 18, 1988",Seattle SuperSonics,95.0,Detroit Pistons,108.0,Box Score,,24482.0,
87,"Thu, Feb 18, 1988",Los Angeles Lakers,111.0,Houston Rockets,96.0,Box Score,,16611.0,
88,"Thu, Feb 18, 1988",Cleveland Cavaliers,83.0,Indiana Pacers,88.0,Box Score,,10053.0,
89,"Thu, Feb 18, 1988",Sacramento Kings,104.0,New York Knicks,108.0,Box Score,,11702.0,
90,"Thu, Feb 18, 1988",San Antonio Spurs,122.0,Phoenix Suns,114.0,Box Score,,10086.0,
91,"Fri, Feb 19, 1988",Los Angeles Lakers,126.0,Atlanta Hawks,119.0,Box Score,OT,16451.0,
92,"Fri, Feb 19, 1988",Sacramento Kings,90.0,Chicago Bulls,111.0,Box Score,,17822.0,
93,"Fri, Feb 19, 1988",Golden State Warriors,100.0,Dallas Mavericks,113.0,Box Score,,17007.0,
94,"Fri, Feb 19, 1988",Utah Jazz,98.0,Los Angeles Clippers,88.0,Box Score,,8208.0,
95,"Fri, Feb 19, 1988",Detroit Pistons,108.0,Milwaukee Bucks,119.0,Box Score,,11052.0,
96,"Fri, Feb 19, 1988",New Jersey Nets,100.0,Philadelphia 76ers,115.0,Box Score,,16146.0,
97,"Fri, Feb 19, 1988",Boston Celtics,124.0,Portland Trail Blazers,104.0,Box Score,,12666.0,
98,"Fri, Feb 19, 1988",Washington Bullets,106.0,San Antonio Spurs,102.0,Box Score,,8147.0,
99,"Sat, Feb 20, 1988",Washington Bullets,109.0,Houston Rockets,115.0,Box Score,,16611.0,
100,"Sat, Feb 20, 1988",Seattle SuperSonics,113.0,New Jersey Nets,101.0,Box Score,,11137.0,
101,"Sat, Feb 20, 1988",Denver Nuggets,108.0,Phoenix Suns,128.0,Box Score,,14269.0,
102,"Sat, Feb 20, 1988",Los Angeles Clippers,103.0,Utah Jazz,120.0,Box Score,,12444.0,
103,"Sun, Feb 21, 1988",Seattle SuperSonics,113.0,Atlanta Hawks,129.0,Box Score,,15437.0,
104,"Sun, Feb 21, 1988",Chicago Bulls,111.0,Cleveland Cavaliers,113.0,Box Score,,20089.0,
105,"Sun, Feb 21, 1988",Sacramento Kings,112.0,Indiana Pacers,130.0,Box Score,,13201.0,
106,"Sun, Feb 21, 1988",Detroit Pistons,110.0,Los Angeles Lakers,117.0,Box Score,,17505.0,
107,"Sun, Feb 21, 1988",Philadelphia 76ers,115.0,Milwaukee Bucks,120.0,Box Score,OT,11052.0,
108,"Sun, Feb 21, 1988",San Antonio Spurs,112.0,Portland Trail Blazers,117.0,Box Score,,12666.0,
109,"Mon, Feb 22, 1988",New York Knicks,93.0,Boston Celtics,95.0,Box Score,,15134.0,"at Hartford, CT"
110,"Mon, Feb 22, 1988",Phoenix Suns,107.0,Dallas Mavericks,114.0,Box Score,,17007.0,
111,"Mon, Feb 22, 1988",Washington Bullets,87.0,Denver Nuggets,100.0,Box Score,,10053.0,
112,"Mon, Feb 22, 1988",San Antonio Spurs,111.0,Golden State Warriors,123.0,Box Score,,7992.0,
113,"Mon, Feb 22, 1988",Philadelphia 76ers,106.0,Houston Rockets,119.0,Box Score,,16611.0,
114,"Tue, Feb 23, 1988",Indiana Pacers,111.0,Atlanta Hawks,131.0,Box Score,,15559.0,
115,"Tue, Feb 23, 1988",Seattle SuperSonics,97.0,Chicago Bulls,104.0,Box Score,OT,17648.0,
116,"Tue, Feb 23, 1988",Washington Bullets,100.0,Los Angeles Lakers,111.0,Box Score,,17505.0,
117,"Tue, Feb 23, 1988",Portland Trail Blazers,114.0,New Jersey Nets,102.0,Box Score,,9095.0,
118,"Tue, Feb 23, 1988",Milwaukee Bucks,87.0,New York Knicks,89.0,Box Score,,11044.0,
119,"Tue, Feb 23, 1988",Detroit Pistons,121.0,Sacramento Kings,105.0,Box Score,,10333.0,
120,"Wed, Feb 24, 1988",Portland Trail Blazers,112.0,Boston Celtics,113.0,Box Score,,14890.0,
121,"Wed, Feb 24, 1988",Cleveland Cavaliers,89.0,Dallas Mavericks,93.0,Box Score,,17007.0,
122,"Wed, Feb 24, 1988",Detroit Pistons,107.0,Golden State Warriors,93.0,Box Score,,14340.0,
123,"Wed, Feb 24, 1988",Milwaukee Bucks,97.0,Indiana Pacers,94.0,Box Score,,8364.0,
124,"Wed, Feb 24, 1988",Philadelphia 76ers,121.0,San Antonio Spurs,123.0,Box Score,OT,6766.0,
125,"Wed, Feb 24, 1988",Denver Nuggets,123.0,Utah Jazz,120.0,Box Score,,12444.0,
126,"Thu, Feb 25, 1988",Dallas Mavericks,108.0,Houston Rockets,106.0,Box Score,,16611.0,
127,"Thu, Feb 25, 1988",New York Knicks,106.0,Los Angeles Clippers,96.0,Box Score,,12129.0,
128,"Thu, Feb 25, 1988",Cleveland Cavaliers,103.0,Phoenix Suns,109.0,Box Score,,10357.0,
129,"Thu, Feb 25, 1988",Washington Bullets,129.0,Sacramento Kings,110.0,Box Score,,10333.0,
130,"Fri, Feb 26, 1988",Milwaukee Bucks,96.0,Boston Celtics,132.0,Box Score,,14890.0,
131,"Fri, Feb 26, 1988",Portland Trail Blazers,104.0,Chicago Bulls,96.0,Box Score,,17744.0,
132,"Fri, Feb 26, 1988",Philadelphia 76ers,104.0,Denver Nuggets,120.0,Box Score,,15396.0,
133,"Fri, Feb 26, 1988",New Jersey Nets,109.0,Detroit Pistons,137.0,Box Score,,25344.0,
134,"Fri, Feb 26, 1988",New York Knicks,125.0,Golden State Warriors,119.0,Box Score,,15025.0,
135,"Fri, Feb 26, 1988",Atlanta Hawks,116.0,Indiana Pacers,101.0,Box Score,,16001.0,
136,"Fri, Feb 26, 1988",Utah Jazz,105.0,Los Angeles Lakers,112.0,Box Score,,17505.0,
137,"Fri, Feb 26, 1988",Houston Rockets,107.0,San Antonio Spurs,111.0,Box Score,,11056.0,
138,"Fri, Feb 26, 1988",Sacramento Kings,130.0,Seattle SuperSonics,133.0,Box Score,,11632.0,
139,"Sat, Feb 27, 1988",Portland Trail Blazers,123.0,Atlanta Hawks,120.0,Box Score,,16451.0,
140,"Sat, Feb 27, 1988",Milwaukee Bucks,94.0,Chicago Bulls,91.0,Box Score,,18243.0,
141,"Sat, Feb 27, 1988",Philadelphia 76ers,91.0,Dallas Mavericks,100.0,Box Score,,17007.0,
142,"Sat, Feb 27, 1988",Cleveland Cavaliers,96.0,Los Angeles Clippers,97.0,Box Score,,11224.0,
143,"Sat, Feb 27, 1988",Indiana Pacers,106.0,New Jersey Nets,98.0,Box Score,,9969.0,
144,"Sat, Feb 27, 1988",Washington Bullets,116.0,Phoenix Suns,106.0,Box Score,,14296.0,
145,"Sat, Feb 27, 1988",Golden State Warriors,111.0,Seattle SuperSonics,114.0,Box Score,,10752.0,
146,"Sun, Feb 28, 1988",New York Knicks,100.0,Denver Nuggets,109.0,Box Score,,13539.0,
147,"Sun, Feb 28, 1988",Boston Celtics,101.0,Detroit Pistons,106.0,Box Score,,37462.0,
148,"Sun, Feb 28, 1988",San Antonio Spurs,95.0,Houston Rockets,108.0,Box Score,,16611.0,
149,"Sun, Feb 28, 1988",Phoenix Suns,97.0,Los Angeles Lakers,111.0,Box Score,,17505.0,
150,"Mon, Feb 29, 1988",Denver Nuggets,96.0,Dallas Mavericks,123.0,Box Score,,17007.0,
151,"Mon, Feb 29, 1988",Washington Bullets,110.0,Golden State Warriors,105.0,Box Score,,11361.0,
152,"Mon, Feb 29, 1988",Chicago Bulls,101.0,Philadelphia 76ers,102.0,Box Score,,14038.0,
153,"Mon, Feb 29, 1988",Cleveland Cavaliers,94.0,Portland Trail Blazers,107.0,Box Score,,12666.0,
154,"Mon, Feb 29, 1988",Utah Jazz,115.0,Sacramento Kings,110.0,Box Score,,10333.0,
0,"Tue, Mar 1, 1988",Detroit Pistons,117.0,Atlanta Hawks,104.0,Box Score,,16451.0,
1,"Tue, Mar 1, 1988",Boston Celtics,116.0,Milwaukee Bucks,117.0,Box Score,,11052.0,
2,"Tue, Mar 1, 1988",Los Angeles Clippers,75.0,New Jersey Nets,104.0,Box Score,,8036.0,
3,"Tue, Mar 1, 1988",Indiana Pacers,96.0,New York Knicks,98.0,Box Score,,10172.0,
4,"Tue, Mar 1, 1988",Phoenix Suns,109.0,San Antonio Spurs,114.0,Box Score,,5151.0,
5,"Tue, Mar 1, 1988",Los Angeles Lakers,100.0,Seattle SuperSonics,114.0,Box Score,,14850.0,
6,"Tue, Mar 1, 1988",Houston Rockets,112.0,Utah Jazz,113.0,Box Score,,12444.0,
7,"Wed, Mar 2, 1988",New Jersey Nets,117.0,Boston Celtics,107.0,Box Score,,14890.0,
8,"Wed, Mar 2, 1988",Sacramento Kings,90.0,Dallas Mavericks,115.0,Box Score,,17007.0,
9,"Wed, Mar 2, 1988",Cleveland Cavaliers,81.0,Denver Nuggets,99.0,Box Score,,9178.0,
10,"Wed, Mar 2, 1988",Los Angeles Clippers,90.0,Detroit Pistons,103.0,Box Score,,16554.0,
11,"Wed, Mar 2, 1988",Houston Rockets,108.0,Golden State Warriors,101.0,Box Score,,12589.0,
12,"Wed, Mar 2, 1988",Indiana Pacers,102.0,Washington Bullets,111.0,Box Score,,6129.0,
13,"Thu, Mar 3, 1988",Philadelphia 76ers,93.0,Chicago Bulls,97.0,Box Score,,17650.0,
14,"Thu, Mar 3, 1988",Portland Trail Blazers,135.0,Phoenix Suns,112.0,Box Score,,10435.0,
15,"Fri, Mar 4, 1988",Los Angeles Clippers,90.0,Boston Celtics,121.0,Box Score,,14890.0,
16,"Fri, Mar 4, 1988",Houston Rockets,110.0,Dallas Mavericks,118.0,Box Score,,17007.0,
17,"Fri, Mar 4, 1988",Phoenix Suns,108.0,Denver Nuggets,116.0,Box Score,,13212.0,
18,"Fri, Mar 4, 1988",Washington Bullets,95.0,Indiana Pacers,88.0,Box Score,,10429.0,
19,"Fri, Mar 4, 1988",Golden State Warriors,107.0,Los Angeles Lakers,120.0,Box Score,,17505.0,
20,"Fri, Mar 4, 1988",Philadelphia 76ers,108.0,New York Knicks,110.0,Box Score,OT,19479.0,
21,"Fri, Mar 4, 1988",Sacramento Kings,134.0,San Antonio Spurs,132.0,Box Score,,6347.0,
22,"Fri, Mar 4, 1988",Utah Jazz,125.0,Seattle SuperSonics,110.0,Box Score,,11268.0,
23,"Sat, Mar 5, 1988",Milwaukee Bucks,104.0,Atlanta Hawks,101.0,Box Score,,16451.0,
24,"Sat, Mar 5, 1988",Los Angeles Clippers,76.0,Chicago Bulls,100.0,Box Score,,18025.0,
25,"Sat, Mar 5, 1988",Sacramento Kings,94.0,Houston Rockets,105.0,Box Score,,16611.0,
26,"Sat, Mar 5, 1988",New York Knicks,85.0,New Jersey Nets,94.0,Box Score,,20039.0,
27,"Sat, Mar 5, 1988",Golden State Warriors,117.0,Portland Trail Blazers,123.0,Box Score,,12666.0,
28,"Sat, Mar 5, 1988",Denver Nuggets,115.0,Seattle SuperSonics,102.0,Box Score,,13287.0,
29,"Sat, Mar 5, 1988",San Antonio Spurs,106.0,Utah Jazz,125.0,Box Score,,12444.0,
30,"Sat, Mar 5, 1988",Detroit Pistons,97.0,Washington Bullets,101.0,Box Score,,15656.0,
31,"Sun, Mar 6, 1988",Cleveland Cavaliers,98.0,Boston Celtics,127.0,Box Score,,14890.0,
32,"Sun, Mar 6, 1988",Los Angeles Lakers,108.0,Dallas Mavericks,97.0,Box Score,,17007.0,
33,"Sun, Mar 6, 1988",Milwaukee Bucks,99.0,Detroit Pistons,109.0,Box Score,,24751.0,
34,"Sun, Mar 6, 1988",Philadelphia 76ers,105.0,Indiana Pacers,100.0,Box Score,,10742.0,
35,"Mon, Mar 7, 1988",Chicago Bulls,98.0,New York Knicks,110.0,Box Score,,19591.0,
36,"Mon, Mar 7, 1988",Los Angeles Lakers,110.0,Philadelphia 76ers,104.0,Box Score,,18168.0,
37,"Mon, Mar 7, 1988",Denver Nuggets,114.0,Sacramento Kings,116.0,Box Score,OT,10333.0,
38,"Mon, Mar 7, 1988",New Jersey Nets,81.0,Utah Jazz,105.0,Box Score,,12444.0,
39,"Tue, Mar 8, 1988",Phoenix Suns,113.0,Atlanta Hawks,143.0,Box Score,,10507.0,
40,"Tue, Mar 8, 1988",Portland Trail Blazers,112.0,Dallas Mavericks,110.0,Box Score,,17007.0,
41,"Tue, Mar 8, 1988",Houston Rockets,113.0,Denver Nuggets,103.0,Box Score,,11782.0,
42,"Tue, Mar 8, 1988",Seattle SuperSonics,121.0,Golden State Warriors,116.0,Box Score,OT,11178.0,
43,"Tue, Mar 8, 1988",Detroit Pistons,104.0,Indiana Pacers,117.0,Box Score,,13220.0,
44,"Tue, Mar 8, 1988",San Antonio Spurs,101.0,Milwaukee Bucks,119.0,Box Score,,11652.0,
45,"Wed, Mar 9, 1988",San Antonio Spurs,118.0,Boston Celtics,119.0,Box Score,,14890.0,
46,"Wed, Mar 9, 1988",Milwaukee Bucks,91.0,Cleveland Cavaliers,117.0,Box Score,,11641.0,
47,"Wed, Mar 9, 1988",Utah Jazz,98.0,Detroit Pistons,103.0,Box Score,,20623.0,
48,"Wed, Mar 9, 1988",New Jersey Nets,97.0,Los Angeles Clippers,93.0,Box Score,,7782.0,
49,"Wed, Mar 9, 1988",Los Angeles Lakers,104.0,New York Knicks,99.0,Box Score,,19591.0,
50,"Wed, Mar 9, 1988",Seattle SuperSonics,106.0,Sacramento Kings,97.0,Box Score,,10333.0,
51,"Wed, Mar 9, 1988",Phoenix Suns,111.0,Washington Bullets,115.0,Box Score,,8122.0,
52,"Thu, Mar 10, 1988",Los Angeles Lakers,107.0,Chicago Bulls,128.0,Box Score,,18676.0,
53,"Thu, Mar 10, 1988",New Jersey Nets,112.0,Golden State Warriors,128.0,Box Score,,9008.0,
54,"Thu, Mar 10, 1988",Portland Trail Blazers,112.0,Houston Rockets,109.0,Box Score,,16611.0,
55,"Fri, Mar 11, 1988",New York Knicks,115.0,Atlanta Hawks,122.0,Box Score,,16451.0,
56,"Fri, Mar 11, 1988",Indiana Pacers,112.0,Boston Celtics,122.0,Box Score,,15134.0,"at Hartford, CT"
57,"Fri, Mar 11, 1988",San Antonio Spurs,107.0,Cleveland Cavaliers,117.0,Box Score,,12294.0,
58,"Fri, Mar 11, 1988",Phoenix Suns,88.0,Detroit Pistons,116.0,Box Score,,21613.0,
59,"Fri, Mar 11, 1988",Golden State Warriors,101.0,Los Angeles Clippers,96.0,Box Score,,7276.0,
60,"Fri, Mar 11, 1988",Denver Nuggets,93.0,Milwaukee Bucks,132.0,Box Score,,11052.0,
61,"Fri, Mar 11, 1988",Sacramento Kings,118.0,Philadelphia 76ers,124.0,Box Score,,8644.0,
62,"Fri, Mar 11, 1988",Utah Jazz,109.0,Washington Bullets,107.0,Box Score,,10775.0,
63,"Sat, Mar 12, 1988",San Antonio Spurs,92.0,Chicago Bulls,112.0,Box Score,,18389.0,
64,"Sat, Mar 12, 1988",Cleveland Cavaliers,100.0,Detroit Pistons,104.0,Box Score,,33854.0,
65,"Sat, Mar 12, 1988",Dallas Mavericks,110.0,Los Angeles Lakers,101.0,Box Score,,17505.0,
66,"Sat, Mar 12, 1988",Utah Jazz,105.0,New York Knicks,108.0,Box Score,,13964.0,
67,"Sun, Mar 13, 1988",Atlanta Hawks,100.0,Boston Celtics,117.0,Box Score,,14890.0,
68,"Sun, Mar 13, 1988",Golden State Warriors,112.0,Houston Rockets,125.0,Box Score,,16611.0,
69,"Sun, Mar 13, 1988",Denver Nuggets,108.0,Indiana Pacers,100.0,Box Score,,11250.0,
70,"Sun, Mar 13, 1988",Phoenix Suns,107.0,Milwaukee Bucks,117.0,Box Score,,11052.0,
71,"Sun, Mar 13, 1988",Washington Bullets,96.0,Philadelphia 76ers,104.0,Box Score,,15586.0,
72,"Sun, Mar 13, 1988",Los Angeles Clippers,100.0,Portland Trail Blazers,121.0,Box Score,,12666.0,
73,"Sun, Mar 13, 1988",New Jersey Nets,102.0,Seattle SuperSonics,115.0,Box Score,,9040.0,
74,"Mon, Mar 14, 1988",Golden State Warriors,101.0,Dallas Mavericks,121.0,Box Score,,17007.0,
75,"Mon, Mar 14, 1988",Utah Jazz,116.0,Denver Nuggets,115.0,Box Score,,10172.0,
76,"Mon, Mar 14, 1988",Sacramento Kings,97.0,Detroit Pistons,109.0,Box Score,,16909.0,
77,"Mon, Mar 14, 1988",New Jersey Nets,105.0,Los Angeles Lakers,115.0,Box Score,,17505.0,
78,"Mon, Mar 14, 1988",Cleveland Cavaliers,102.0,New York Knicks,104.0,Box Score,,13123.0,
79,"Mon, Mar 14, 1988",San Antonio Spurs,106.0,Washington Bullets,112.0,Box Score,,5236.0,
80,"Tue, Mar 15, 1988",Philadelphia 76ers,90.0,Atlanta Hawks,104.0,Box Score,,14179.0,
81,"Tue, Mar 15, 1988",Cleveland Cavaliers,89.0,Chicago Bulls,108.0,Box Score,,17752.0,
82,"Tue, Mar 15, 1988",Los Angeles Clippers,110.0,Houston Rockets,116.0,Box Score,,16611.0,
83,"Tue, Mar 15, 1988",Boston Celtics,119.0,Indiana Pacers,113.0,Box Score,,16912.0,
84,"Tue, Mar 15, 1988",Sacramento Kings,97.0,Milwaukee Bucks,108.0,Box Score,,11052.0,
85,"Tue, Mar 15, 1988",Seattle SuperSonics,90.0,Phoenix Suns,111.0,Box Score,,11159.0,
86,"Tue, Mar 15, 1988",Los Angeles Lakers,95.0,Portland Trail Blazers,112.0,Box Score,,12666.0,
87,"Wed, Mar 16, 1988",Phoenix Suns,118.0,Golden State Warriors,112.0,Box Score,,7820.0,
88,"Wed, Mar 16, 1988",Milwaukee Bucks,79.0,New Jersey Nets,83.0,Box Score,,9657.0,
89,"Wed, Mar 16, 1988",New York Knicks,108.0,Philadelphia 76ers,115.0,Box Score,,16122.0,
90,"Wed, Mar 16, 1988",Los Angeles Clippers,110.0,San Antonio Spurs,113.0,Box Score,,5086.0,
91,"Wed, Mar 16, 1988",Dallas Mavericks,105.0,Utah Jazz,120.0,Box Score,,12444.0,
92,"Wed, Mar 16, 1988",Chicago Bulls,103.0,Washington Bullets,106.0,Box Score,,16515.0,
93,"Thu, Mar 17, 1988",Detroit Pistons,102.0,Cleveland Cavaliers,99.0,Box Score,,13261.0,
94,"Thu, Mar 17, 1988",Portland Trail Blazers,115.0,Denver Nuggets,116.0,Box Score,OT,12742.0,
95,"Thu, Mar 17, 1988",Seattle SuperSonics,106.0,Houston Rockets,115.0,Box Score,,16611.0,
96,"Thu, Mar 17, 1988",Washington Bullets,95.0,Indiana Pacers,99.0,Box Score,,10445.0,
97,"Fri, Mar 18, 1988",Boston Celtics,103.0,Chicago Bulls,113.0,Box Score,,18676.0,
98,"Fri, Mar 18, 1988",Portland Trail Blazers,121.0,Golden State Warriors,116.0,Box Score,,12955.0,
99,"Fri, Mar 18, 1988",Dallas Mavericks,106.0,Los Angeles Clippers,98.0,Box Score,,12036.0,
100,"Fri, Mar 18, 1988",Atlanta Hawks,106.0,New Jersey Nets,104.0,Box Score,,19593.0,
101,"Fri, Mar 18, 1988",Indiana Pacers,109.0,Philadelphia 76ers,129.0,Box Score,,10141.0,
102,"Fri, Mar 18, 1988",Seattle SuperSonics,118.0,San Antonio Spurs,110.0,Box Score,OT,7353.0,
103,"Fri, Mar 18, 1988",Denver Nuggets,111.0,Utah Jazz,118.0,Box Score,,12444.0,
104,"Sat, Mar 19, 1988",Cleveland Cavaliers,100.0,Milwaukee Bucks,101.0,Box Score,,11052.0,
105,"Sat, Mar 19, 1988",Atlanta Hawks,110.0,New York Knicks,116.0,Box Score,,19591.0,
106,"Sat, Mar 19, 1988",Los Angeles Lakers,95.0,Phoenix Suns,102.0,Box Score,,14471.0,
107,"Sat, Mar 19, 1988",Houston Rockets,104.0,Sacramento Kings,121.0,Box Score,,10333.0,
108,"Sat, Mar 19, 1988",Utah Jazz,110.0,San Antonio Spurs,113.0,Box Score,,6351.0,
109,"Sat, Mar 19, 1988",Philadelphia 76ers,94.0,Washington Bullets,89.0,Box Score,,10550.0,
110,"Sun, Mar 20, 1988",Chicago Bulls,107.0,Boston Celtics,137.0,Box Score,,14890.0,
111,"Sun, Mar 20, 1988",Seattle SuperSonics,95.0,Denver Nuggets,108.0,Box Score,,13177.0,
112,"Sun, Mar 20, 1988",Washington Bullets,110.0,Detroit Pistons,118.0,Box Score,,22075.0,
113,"Sun, Mar 20, 1988",Los Angeles Lakers,130.0,Golden State Warriors,127.0,Box Score,,15025.0,
114,"Sun, Mar 20, 1988",Sacramento Kings,112.0,Los Angeles Clippers,116.0,Box Score,,4920.0,
115,"Sun, Mar 20, 1988",Indiana Pacers,102.0,New Jersey Nets,96.0,Box Score,,10902.0,
116,"Sun, Mar 20, 1988",Dallas Mavericks,99.0,Portland Trail Blazers,105.0,Box Score,,12666.0,
117,"Mon, Mar 21, 1988",Milwaukee Bucks,105.0,Atlanta Hawks,115.0,Box Score,,13702.0,
118,"Mon, Mar 21, 1988",Los Angeles Clippers,99.0,Phoenix Suns,107.0,Box Score,,10602.0,
119,"Mon, Mar 21, 1988",New York Knicks,133.0,San Antonio Spurs,121.0,Box Score,,5802.0,
120,"Tue, Mar 22, 1988",New York Knicks,105.0,Dallas Mavericks,124.0,Box Score,,17007.0,
121,"Tue, Mar 22, 1988",San Antonio Spurs,109.0,Denver Nuggets,136.0,Box Score,,10746.0,
122,"Tue, Mar 22, 1988",Indiana Pacers,104.0,Detroit Pistons,123.0,Box Score,,18645.0,
123,"Tue, Mar 22, 1988",Houston Rockets,95.0,Los Angeles Lakers,117.0,Box Score,,17505.0,
124,"Tue, Mar 22, 1988",Atlanta Hawks,98.0,Milwaukee Bucks,111.0,Box Score,,11052.0,
125,"Tue, Mar 22, 1988",Philadelphia 76ers,90.0,New Jersey Nets,102.0,Box Score,,11072.0,
126,"Tue, Mar 22, 1988",Phoenix Suns,96.0,Utah Jazz,103.0,Box Score,,12444.0,
127,"Wed, Mar 23, 1988",Washington Bullets,89.0,Boston Celtics,104.0,Box Score,,14890.0,
128,"Wed, Mar 23, 1988",New Jersey Nets,96.0,Cleveland Cavaliers,105.0,Box Score,,8029.0,
129,"Wed, Mar 23, 1988",Sacramento Kings,118.0,Golden State Warriors,126.0,Box Score,,9391.0,
130,"Wed, Mar 23, 1988",Denver Nuggets,118.0,Los Angeles Clippers,108.0,Box Score,,8569.0,
131,"Wed, Mar 23, 1988",Chicago Bulls,118.0,Philadelphia 76ers,102.0,Box Score,,13401.0,
132,"Wed, Mar 23, 1988",Portland Trail Blazers,108.0,Seattle SuperSonics,118.0,Box Score,,14250.0,
133,"Thu, Mar 24, 1988",New York Knicks,117.0,Houston Rockets,134.0,Box Score,,16611.0,
134,"Thu, Mar 24, 1988",Milwaukee Bucks,114.0,Phoenix Suns,119.0,Box Score,,11271.0,
135,"Thu, Mar 24, 1988",Sacramento Kings,97.0,Utah Jazz,117.0,Box Score,,12064.0,
136,"Thu, Mar 24, 1988",Atlanta Hawks,91.0,Washington Bullets,94.0,Box Score,,13629.0,
137,"Fri, Mar 25, 1988",Philadelphia 76ers,97.0,Boston Celtics,93.0,Box Score,,14890.0,
138,"Fri, Mar 25, 1988",Chicago Bulls,111.0,Cleveland Cavaliers,110.0,Box Score,OT,19876.0,
139,"Fri, Mar 25, 1988",Portland Trail Blazers,101.0,Dallas Mavericks,106.0,Box Score,,17007.0,
140,"Fri, Mar 25, 1988",New Jersey Nets,100.0,Indiana Pacers,101.0,Box Score,,11034.0,
141,"Fri, Mar 25, 1988",Golden State Warriors,98.0,Los Angeles Clippers,113.0,Box Score,,7884.0,
142,"Fri, Mar 25, 1988",Denver Nuggets,120.0,Los Angeles Lakers,119.0,Box Score,,17505.0,
143,"Fri, Mar 25, 1988",Detroit Pistons,106.0,San Antonio Spurs,107.0,Box Score,,8596.0,
144,"Sat, Mar 26, 1988",Cleveland Cavaliers,102.0,Atlanta Hawks,109.0,Box Score,,16418.0,
145,"Sat, Mar 26, 1988",Indiana Pacers,100.0,Chicago Bulls,109.0,Box Score,,18676.0,
146,"Sat, Mar 26, 1988",San Antonio Spurs,112.0,Dallas Mavericks,131.0,Box Score,,17007.0,
147,"Sat, Mar 26, 1988",Denver Nuggets,131.0,Golden State Warriors,108.0,Box Score,,9893.0,
148,"Sat, Mar 26, 1988",Portland Trail Blazers,109.0,Houston Rockets,115.0,Box Score,,16611.0,
149,"Sat, Mar 26, 1988",Boston Celtics,118.0,New York Knicks,106.0,Box Score,,19591.0,
150,"Sat, Mar 26, 1988",Detroit Pistons,108.0,Phoenix Suns,103.0,Box Score,,14025.0,
151,"Sat, Mar 26, 1988",Los Angeles Lakers,92.0,Sacramento Kings,114.0,Box Score,,10333.0,
152,"Sat, Mar 26, 1988",Los Angeles Clippers,98.0,Seattle SuperSonics,131.0,Box Score,,11650.0,
153,"Sat, Mar 26, 1988",Milwaukee Bucks,107.0,Utah Jazz,105.0,Box Score,,12444.0,
154,"Sat, Mar 26, 1988",New Jersey Nets,88.0,Washington Bullets,99.0,Box Score,,10724.0,
155,"Mon, Mar 28, 1988",Detroit Pistons,100.0,Los Angeles Clippers,102.0,Box Score,,12156.0,
156,"Mon, Mar 28, 1988",Boston Celtics,106.0,New Jersey Nets,105.0,Box Score,,18695.0,
157,"Mon, Mar 28, 1988",Dallas Mavericks,106.0,New York Knicks,114.0,Box Score,,12635.0,
158,"Mon, Mar 28, 1988",Houston Rockets,98.0,Philadelphia 76ers,108.0,Box Score,,9470.0,
159,"Tue, Mar 29, 1988",Dallas Mavericks,106.0,Atlanta Hawks,120.0,Box Score,,14583.0,
160,"Tue, Mar 29, 1988",New York Knicks,103.0,Cleveland Cavaliers,108.0,Box Score,,9389.0,
161,"Tue, Mar 29, 1988",Utah Jazz,111.0,Los Angeles Lakers,122.0,Box Score,,17505.0,
162,"Tue, Mar 29, 1988",Denver Nuggets,107.0,Sacramento Kings,103.0,Box Score,,10333.0,
163,"Tue, Mar 29, 1988",Portland Trail Blazers,136.0,San Antonio Spurs,113.0,Box Score,,7842.0,
164,"Tue, Mar 29, 1988",Chicago Bulls,103.0,Seattle SuperSonics,106.0,Box Score,,14850.0,
165,"Wed, Mar 30, 1988",Houston Rockets,110.0,Boston Celtics,117.0,Box Score,,14890.0,
166,"Wed, Mar 30, 1988",Atlanta Hawks,103.0,Detroit Pistons,102.0,Box Score,,47692.0,
167,"Wed, Mar 30, 1988",Chicago Bulls,111.0,Los Angeles Clippers,94.0,Box Score,,15167.0,
168,"Wed, Mar 30, 1988",Milwaukee Bucks,109.0,Philadelphia 76ers,134.0,Box Score,,10895.0,
169,"Wed, Mar 30, 1988",Golden State Warriors,105.0,Phoenix Suns,123.0,Box Score,,10662.0,
170,"Wed, Mar 30, 1988",Cleveland Cavaliers,107.0,Washington Bullets,96.0,Box Score,,8387.0,
171,"Thu, Mar 31, 1988",Sacramento Kings,111.0,Denver Nuggets,121.0,Box Score,,14518.0,
172,"Thu, Mar 31, 1988",Houston Rockets,102.0,Indiana Pacers,100.0,Box Score,,12206.0,
173,"Thu, Mar 31, 1988",New York Knicks,113.0,Milwaukee Bucks,103.0,Box Score,,11052.0,
174,"Thu, Mar 31, 1988",San Antonio Spurs,117.0,Seattle SuperSonics,115.0,Box Score,,9210.0,
175,"Thu, Mar 31, 1988",Golden State Warriors,92.0,Utah Jazz,115.0,Box Score,,12444.0,
0,"Fri, Apr 1, 1988",Detroit Pistons,110.0,Boston Celtics,121.0,Box Score,,14890.0,
1,"Fri, Apr 1, 1988",San Antonio Spurs,105.0,Los Angeles Clippers,91.0,Box Score,,8966.0,
2,"Fri, Apr 1, 1988",Atlanta Hawks,105.0,Philadelphia 76ers,93.0,Box Score,,13207.0,
3,"Fri, Apr 1, 1988",Chicago Bulls,116.0,Portland Trail Blazers,101.0,Box Score,,12666.0,
4,"Fri, Apr 1, 1988",Dallas Mavericks,103.0,Washington Bullets,118.0,Box Score,,13783.0,
5,"Sat, Apr 2, 1988",Indiana Pacers,94.0,Cleveland Cavaliers,108.0,Box Score,,14347.0,
6,"Sat, Apr 2, 1988",Golden State Warriors,107.0,Denver Nuggets,123.0,Box Score,,11824.0,
7,"Sat, Apr 2, 1988",New Jersey Nets,111.0,Milwaukee Bucks,125.0,Box Score,,11052.0,
8,"Sat, Apr 2, 1988",Houston Rockets,98.0,New York Knicks,104.0,Box Score,,16333.0,
9,"Sat, Apr 2, 1988",Los Angeles Clippers,105.0,Sacramento Kings,103.0,Box Score,,10333.0,
10,"Sat, Apr 2, 1988",Phoenix Suns,107.0,Seattle SuperSonics,151.0,Box Score,,9790.0,
11,"Sat, Apr 2, 1988",Los Angeles Lakers,92.0,Utah Jazz,106.0,Box Score,,12444.0,
12,"Sun, Apr 3, 1988",Dallas Mavericks,101.0,Boston Celtics,110.0,Box Score,,14890.0,
13,"Sun, Apr 3, 1988",Chicago Bulls,112.0,Detroit Pistons,110.0,Box Score,,23712.0,
14,"Sun, Apr 3, 1988",Atlanta Hawks,102.0,Indiana Pacers,100.0,Box Score,,8920.0,
15,"Sun, Apr 3, 1988",Sacramento Kings,104.0,Los Angeles Lakers,108.0,Box Score,,11505.0,
16,"Sun, Apr 3, 1988",Washington Bullets,105.0,New Jersey Nets,103.0,Box Score,,8558.0,
17,"Sun, Apr 3, 1988",San Antonio Spurs,107.0,Portland Trail Blazers,110.0,Box Score,,12666.0,
18,"Tue, Apr 5, 1988",Milwaukee Bucks,110.0,Atlanta Hawks,121.0,Box Score,,15442.0,
19,"Tue, Apr 5, 1988",Washington Bullets,105.0,Chicago Bulls,94.0,Box Score,,17700.0,
20,"Tue, Apr 5, 1988",San Antonio Spurs,117.0,Golden State Warriors,104.0,Box Score,,8283.0,
21,"Tue, Apr 5, 1988",Denver Nuggets,110.0,Houston Rockets,97.0,Box Score,,16611.0,
22,"Tue, Apr 5, 1988",Cleveland Cavaliers,105.0,Indiana Pacers,106.0,Box Score,,12580.0,
23,"Tue, Apr 5, 1988",Seattle SuperSonics,90.0,Los Angeles Lakers,94.0,Box Score,,17505.0,
24,"Tue, Apr 5, 1988",Detroit Pistons,107.0,New Jersey Nets,95.0,Box Score,,11586.0,
25,"Tue, Apr 5, 1988",New York Knicks,136.0,Philadelphia 76ers,119.0,Box Score,,8577.0,
26,"Tue, Apr 5, 1988",Utah Jazz,106.0,Phoenix Suns,111.0,Box Score,,9829.0,
27,"Tue, Apr 5, 1988",Los Angeles Clippers,119.0,Portland Trail Blazers,141.0,Box Score,,12666.0,
28,"Wed, Apr 6, 1988",Washington Bullets,87.0,Cleveland Cavaliers,98.0,Box Score,,10165.0,
29,"Wed, Apr 6, 1988",Phoenix Suns,93.0,Dallas Mavericks,119.0,Box Score,,16452.0,
30,"Wed, Apr 6, 1988",Portland Trail Blazers,111.0,Los Angeles Clippers,103.0,Box Score,,7593.0,
31,"Wed, Apr 6, 1988",Chicago Bulls,119.0,Milwaukee Bucks,110.0,Box Score,,,
32,"Wed, Apr 6, 1988",San Antonio Spurs,109.0,Sacramento Kings,115.0,Box Score,,10333.0,
33,"Wed, Apr 6, 1988",Golden State Warriors,102.0,Seattle SuperSonics,114.0,Box Score,,9520.0,
34,"Thu, Apr 7, 1988",New Jersey Nets,94.0,Atlanta Hawks,120.0,Box Score,,11547.0,
35,"Thu, Apr 7, 1988",Utah Jazz,107.0,Houston Rockets,113.0,Box Score,,16611.0,
36,"Fri, Apr 8, 1988",New Jersey Nets,90.0,Boston Celtics,127.0,Box Score,,14890.0,
37,"Fri, Apr 8, 1988",New York Knicks,122.0,Chicago Bulls,131.0,Box Score,,18001.0,
38,"Fri, Apr 8, 1988",Milwaukee Bucks,85.0,Cleveland Cavaliers,104.0,Box Score,,16475.0,
39,"Fri, Apr 8, 1988",Utah Jazz,95.0,Dallas Mavericks,118.0,Box Score,,17007.0,
40,"Fri, Apr 8, 1988",Phoenix Suns,111.0,Golden State Warriors,112.0,Box Score,,8317.0,
41,"Fri, Apr 8, 1988",Los Angeles Clippers,107.0,Los Angeles Lakers,126.0,Box Score,,17505.0,
42,"Fri, Apr 8, 1988",Detroit Pistons,96.0,Philadelphia 76ers,86.0,Box Score,,15164.0,
43,"Fri, Apr 8, 1988",Denver Nuggets,129.0,San Antonio Spurs,124.0,Box Score,OT,6697.0,
44,"Fri, Apr 8, 1988",Portland Trail Blazers,100.0,Seattle SuperSonics,114.0,Box Score,,14438.0,
45,"Fri, Apr 8, 1988",Indiana Pacers,100.0,Washington Bullets,107.0,Box Score,,12236.0,
46,"Sat, Apr 9, 1988",Detroit Pistons,115.0,Atlanta Hawks,102.0,Box Score,,16451.0,
47,"Sat, Apr 9, 1988",Denver Nuggets,109.0,Dallas Mavericks,135.0,Box Score,,17007.0,
48,"Sat, Apr 9, 1988",Indiana Pacers,100.0,Milwaukee Bucks,105.0,Box Score,,11052.0,
49,"Sat, Apr 9, 1988",Sacramento Kings,92.0,Phoenix Suns,95.0,Box Score,,10575.0,
50,"Sat, Apr 9, 1988",Los Angeles Lakers,109.0,Portland Trail Blazers,119.0,Box Score,,12666.0,
51,"Sat, Apr 9, 1988",Houston Rockets,108.0,Seattle SuperSonics,104.0,Box Score,,13584.0,
52,"Sun, Apr 10, 1988",Houston Rockets,105.0,Los Angeles Clippers,122.0,Box Score,,10660.0,
53,"Sun, Apr 10, 1988",Cleveland Cavaliers,119.0,New Jersey Nets,105.0,Box Score,,8985.0,
54,"Sun, Apr 10, 1988",Boston Celtics,117.0,Philadelphia 76ers,108.0,Box Score,,18168.0,
55,"Sun, Apr 10, 1988",Golden State Warriors,115.0,Sacramento Kings,121.0,Box Score,,10333.0,
56,"Sun, Apr 10, 1988",New York Knicks,118.0,Washington Bullets,98.0,Box Score,,13761.0,
57,"Mon, Apr 11, 1988",Washington Bullets,86.0,Atlanta Hawks,85.0,Box Score,,10473.0,
58,"Mon, Apr 11, 1988",Utah Jazz,113.0,Golden State Warriors,102.0,Box Score,,9168.0,
59,"Mon, Apr 11, 1988",New Jersey Nets,93.0,Indiana Pacers,95.0,Box Score,,12520.0,
60,"Mon, Apr 11, 1988",Philadelphia 76ers,115.0,Milwaukee Bucks,102.0,Box Score,,11052.0,
61,"Mon, Apr 11, 1988",Detroit Pistons,111.0,New York Knicks,114.0,Box Score,OT,13312.0,
62,"Mon, Apr 11, 1988",Denver Nuggets,123.0,Phoenix Suns,119.0,Box Score,,9708.0,
63,"Tue, Apr 12, 1988",Atlanta Hawks,103.0,Cleveland Cavaliers,116.0,Box Score,,12418.0,
64,"Tue, Apr 12, 1988",Portland Trail Blazers,103.0,Los Angeles Lakers,109.0,Box Score,,17505.0,
65,"Tue, Apr 12, 1988",Dallas Mavericks,104.0,Sacramento Kings,96.0,Box Score,,10333.0,
66,"Tue, Apr 12, 1988",Houston Rockets,119.0,San Antonio Spurs,127.0,Box Score,,,
67,"Tue, Apr 12, 1988",Los Angeles Clippers,93.0,Utah Jazz,100.0,Box Score,,12444.0,
68,"Wed, Apr 13, 1988",Milwaukee Bucks,104.0,Boston Celtics,123.0,Box Score,,14890.0,
69,"Wed, Apr 13, 1988",Los Angeles Lakers,106.0,Denver Nuggets,120.0,Box Score,,17022.0,
70,"Wed, Apr 13, 1988",Cleveland Cavaliers,98.0,Detroit Pistons,115.0,Box Score,,18808.0,
71,"Wed, Apr 13, 1988",Dallas Mavericks,110.0,Golden State Warriors,112.0,Box Score,,,
72,"Wed, Apr 13, 1988",Indiana Pacers,107.0,New York Knicks,127.0,Box Score,,11587.0,
73,"Wed, Apr 13, 1988",Washington Bullets,97.0,Philadelphia 76ers,98.0,Box Score,OT,,
74,"Wed, Apr 13, 1988",San Antonio Spurs,116.0,Phoenix Suns,123.0,Box Score,,10822.0,
75,"Wed, Apr 13, 1988",Los Angeles Clippers,92.0,Seattle SuperSonics,113.0,Box Score,,,
76,"Thu, Apr 14, 1988",Sacramento Kings,105.0,Houston Rockets,123.0,Box Score,,16611.0,
77,"Thu, Apr 14, 1988",Chicago Bulls,116.0,Indiana Pacers,110.0,Box Score,,14750.0,
78,"Thu, Apr 14, 1988",Portland Trail Blazers,128.0,Utah Jazz,123.0,Box Score,,12444.0,
79,"Fri, Apr 15, 1988",Boston Celtics,109.0,Cleveland Cavaliers,120.0,Box Score,,20146.0,
80,"Fri, Apr 15, 1988",Houston Rockets,125.0,Denver Nuggets,132.0,Box Score,,17022.0,
81,"Fri, Apr 15, 1988",Milwaukee Bucks,91.0,Detroit Pistons,92.0,Box Score,,27126.0,
82,"Fri, Apr 15, 1988",Phoenix Suns,114.0,Los Angeles Lakers,117.0,Box Score,,17505.0,
83,"Fri, Apr 15, 1988",Chicago Bulls,100.0,New Jersey Nets,99.0,Box Score,,20039.0,
84,"Fri, Apr 15, 1988",Washington Bullets,106.0,New York Knicks,97.0,Box Score,,17631.0,
85,"Fri, Apr 15, 1988",Atlanta Hawks,103.0,Philadelphia 76ers,101.0,Box Score,OT,12262.0,
86,"Fri, Apr 15, 1988",Golden State Warriors,113.0,Portland Trail Blazers,147.0,Box Score,,12666.0,
87,"Fri, Apr 15, 1988",Sacramento Kings,112.0,San Antonio Spurs,116.0,Box Score,,,
88,"Fri, Apr 15, 1988",Dallas Mavericks,88.0,Seattle SuperSonics,115.0,Box Score,,12576.0,
89,"Sat, Apr 16, 1988",New York Knicks,95.0,Atlanta Hawks,93.0,Box Score,,15269.0,
90,"Sat, Apr 16, 1988",New Jersey Nets,96.0,Detroit Pistons,114.0,Box Score,,22767.0,
91,"Sat, Apr 16, 1988",Los Angeles Clippers,110.0,Golden State Warriors,113.0,Box Score,,,
92,"Sat, Apr 16, 1988",Philadelphia 76ers,92.0,Indiana Pacers,126.0,Box Score,,13454.0,
93,"Sat, Apr 16, 1988",Seattle SuperSonics,119.0,Phoenix Suns,121.0,Box Score,OT,11406.0,
94,"Sat, Apr 16, 1988",San Antonio Spurs,82.0,Utah Jazz,107.0,Box Score,,12444.0,
95,"Sun, Apr 17, 1988",Milwaukee Bucks,97.0,Chicago Bulls,105.0,Box Score,,18551.0,
96,"Sun, Apr 17, 1988",Dallas Mavericks,122.0,Denver Nuggets,133.0,Box Score,,17022.0,
97,"Sun, Apr 17, 1988",Los Angeles Lakers,119.0,Houston Rockets,127.0,Box Score,,16611.0,
98,"Sun, Apr 17, 1988",Sacramento Kings,102.0,Portland Trail Blazers,112.0,Box Score,,12666.0,
99,"Sun, Apr 17, 1988",Boston Celtics,92.0,Washington Bullets,98.0,Box Score,,18643.0,
100,"Mon, Apr 18, 1988",Indiana Pacers,107.0,Cleveland Cavaliers,112.0,Box Score,,10180.0,
101,"Tue, Apr 19, 1988",Detroit Pistons,110.0,Boston Celtics,121.0,Box Score,,14890.0,
102,"Tue, Apr 19, 1988",Seattle SuperSonics,114.0,Denver Nuggets,134.0,Box Score,,14478.0,
103,"Tue, Apr 19, 1988",Dallas Mavericks,104.0,Houston Rockets,96.0,Box Score,,16611.0,
104,"Tue, Apr 19, 1988",Atlanta Hawks,119.0,New Jersey Nets,109.0,Box Score,OT,11122.0,
105,"Tue, Apr 19, 1988",Chicago Bulls,121.0,New York Knicks,118.0,Box Score,,19591.0,
106,"Tue, Apr 19, 1988",Milwaukee Bucks,102.0,Philadelphia 76ers,115.0,Box Score,,18168.0,
107,"Tue, Apr 19, 1988",Golden State Warriors,107.0,Phoenix Suns,122.0,Box Score,,,
108,"Tue, Apr 19, 1988",Utah Jazz,129.0,Portland Trail Blazers,122.0,Box Score,,12666.0,
109,"Tue, Apr 19, 1988",Los Angeles Clippers,105.0,Sacramento Kings,120.0,Box Score,,10333.0,
110,"Tue, Apr 19, 1988",Los Angeles Lakers,133.0,San Antonio Spurs,126.0,Box Score,,12456.0,
111,"Wed, Apr 20, 1988",Indiana Pacers,116.0,Atlanta Hawks,98.0,Box Score,,11784.0,
112,"Wed, Apr 20, 1988",Los Angeles Lakers,114.0,Dallas Mavericks,107.0,Box Score,,17007.0,
113,"Wed, Apr 20, 1988",Portland Trail Blazers,131.0,Golden State Warriors,117.0,Box Score,,,
114,"Wed, Apr 20, 1988",Utah Jazz,112.0,Los Angeles Clippers,106.0,Box Score,,,
115,"Wed, Apr 20, 1988",Washington Bullets,94.0,Milwaukee Bucks,132.0,Box Score,,11052.0,
116,"Wed, Apr 20, 1988",Phoenix Suns,98.0,Seattle SuperSonics,121.0,Box Score,,,
117,"Thu, Apr 21, 1988",Chicago Bulls,119.0,Boston Celtics,126.0,Box Score,,14890.0,
118,"Thu, Apr 21, 1988",San Antonio Spurs,117.0,Houston Rockets,116.0,Box Score,,16611.0,
119,"Thu, Apr 21, 1988",New Jersey Nets,101.0,Philadelphia 76ers,104.0,Box Score,,7641.0,
120,"Thu, Apr 21, 1988",Detroit Pistons,99.0,Washington Bullets,87.0,Box Score,,11713.0,
121,"Fri, Apr 22, 1988",Boston Celtics,106.0,Atlanta Hawks,133.0,Box Score,,16451.0,
122,"Fri, Apr 22, 1988",Cleveland Cavaliers,107.0,Chicago Bulls,103.0,Box Score,,17726.0,
123,"Fri, Apr 22, 1988",San Antonio Spurs,96.0,Dallas Mavericks,127.0,Box Score,,17007.0,
124,"Fri, Apr 22, 1988",Indiana Pacers,103.0,Detroit Pistons,98.0,Box Score,,27881.0,
125,"Fri, Apr 22, 1988",Sacramento Kings,117.0,Golden State Warriors,109.0,Box Score,,10577.0,
126,"Fri, Apr 22, 1988",New York Knicks,109.0,Milwaukee Bucks,118.0,Box Score,,11052.0,
127,"Fri, Apr 22, 1988",Los Angeles Lakers,117.0,Phoenix Suns,112.0,Box Score,,14077.0,
128,"Fri, Apr 22, 1988",Denver Nuggets,135.0,Portland Trail Blazers,141.0,Box Score,OT,12666.0,
129,"Fri, Apr 22, 1988",Utah Jazz,110.0,Seattle SuperSonics,109.0,Box Score,,14250.0,
130,"Sat, Apr 23, 1988",Philadelphia 76ers,99.0,Cleveland Cavaliers,104.0,Box Score,,20121.0,
131,"Sat, Apr 23, 1988",Los Angeles Clippers,109.0,Denver Nuggets,134.0,Box Score,,17022.0,
132,"Sat, Apr 23, 1988",New York Knicks,88.0,Indiana Pacers,86.0,Box Score,,15962.0,
133,"Sat, Apr 23, 1988",Milwaukee Bucks,105.0,New Jersey Nets,118.0,Box Score,,13375.0,
134,"Sat, Apr 23, 1988",Portland Trail Blazers,124.0,Sacramento Kings,110.0,Box Score,,10333.0,
135,"Sat, Apr 23, 1988",Houston Rockets,107.0,Utah Jazz,125.0,Box Score,,12444.0,
136,"Sat, Apr 23, 1988",Atlanta Hawks,96.0,Washington Bullets,106.0,Box Score,,15638.0,
137,"Sun, Apr 24, 1988",Boston Celtics,108.0,Chicago Bulls,115.0,Box Score,,18636.0,
138,"Sun, Apr 24, 1988",Philadelphia 76ers,118.0,Detroit Pistons,128.0,Box Score,,27854.0,
139,"Sun, Apr 24, 1988",Phoenix Suns,119.0,Houston Rockets,127.0,Box Score,,16611.0,
140,"Sun, Apr 24, 1988",Seattle SuperSonics,109.0,Los Angeles Clippers,100.0,Box Score,,,
141,"Sun, Apr 24, 1988",Golden State Warriors,100.0,Los Angeles Lakers,136.0,Box Score,,17505.0,
142,"Sun, Apr 24, 1988",Dallas Mavericks,119.0,San Antonio Spurs,109.0,Box Score,,,
